attendance_percentage,marks_average,fee_pending_ratio,is_at_risk
92.45071229516849,57.846791050461135,0.7586119290816228,0
82.92603548243223,67.39866392712068,0.00818604879646169,0
94.71532807151038,55.736441422000695,0.036055843646044465,0
100.0,64.45669246649727,0.001123895054796208,0
81.48769937914996,35.91493599483186,0.001327928901584944,0
81.4879456457623,73.83928673271289,0.0004739202154732911,0
100.0,70.02169855652004,0.2019289680477499,0
96.51152093729362,55.29240464077257,0.00568565907340183,0
77.95788421097572,81.86642203178329,0.3993940002943953,0
93.13840065378947,86.87626247727805,0.10615986592249108,0
78.04873460781306,41.063922441358464,0.19758802867990705,0
78.01405369644614,56.27095398580814,0.11270592864701187,0
88.62943407349051,56.15543770382863,0.07254041056379872,0
56.30079633013303,53.08174418004044,0.00015941297438126678,0
59.12623251230451,84.93054715477147,0.3497034296024824,0
76.5656870613854,66.51112950208953,0.23776036282243795,0
69.80753319498365,65.238732856409,0.3041855328946088,0
89.71370998892911,33.93047744067844,0.015021452455868238,0
71.37963886718184,81.43752454376607,0.1415545993382999,0
63.81544447997062,47.693348892637495,0.03812922707943164,0
100.0,71.07878734479391,0.06078495206415467,0
81.61335549270197,74.99278488324745,0.31011298978938934,0
86.01292307031886,94.49185472509572,9.337789053316648e-05,0
63.62877720679815,46.44123281585598,0.004040897114541942,0
76.83425913212226,15.648781195225144,0.14080427473158988,1
86.66383884564799,73.3092918055665,0.014953353082536928,0
67.73509633866546,100.0,0.19584104615232253,0
90.63547027518509,92.30103435290987,0.00287968247247723,0
75.99041965121792,73.77386947494327,0.01884965242729268,0
80.62459375310085,61.150548658623144,0.03655099876160842,0
75.97440081655904,84.52820673947159,0.24078098555704056,0
100.0,52.47616840531956,0.24193420951437877,0
84.79754162893099,78.57443984841194,0.027719179643823397,0
69.1343360656615,79.09846286499928,0.2369015299817943,0
97.33817368154783,89.08377833497984,0.11642848565936223,0
66.68734525043466,100.0,0.1603049836223797,0
88.13295392507133,77.0634874092178,0.2151261981631169,0
55.60494814180337,60.838654737265024,0.09721101690891404,1
65.07720926652354,69.5396623805441,0.1815781870963413,0
87.95291853803685,38.15663371199587,0.07826165650022121,0
96.07699869993115,57.49516364039695,0.21326824891555815,0
87.57052421784955,62.63291611396413,0.0664452403316058,0
83.2652757641764,60.566408837177335,0.03003272791790091,0
80.48344456616067,72.742387696607,0.10287682080584647,0
62.82217014448859,55.19644121712039,0.42029348983828957,1
74.20233687407936,90.17855201184048,0.3125427321824612,0
78.09041843560318,70.00372716852755,0.014190079547105446,0
100.0,69.83259421950473,0.3488804088279872,0
90.15427434352692,64.09789510276748,0.008104016352693833,0
58.55439766955899,72.79343230946162,0.00033725491714427046,0
89.86125954092192,84.85176876401742,0.119659259468119,0
79.22376579375525,54.391656117203794,5.326171789956268e-05,0
74.84616999541062,58.15390319664538,0.11001190342744596,0
94.17514433261302,64.53293148202003,0.6160961411000498,0
100.0,45.77432337748213,0.09942249918156415,0
98.96920178674299,55.25335852501304,0.06566610679954174,0
72.41173715166042,61.42802427619614,0.017137928233414198,0
80.36181436223178,85.73900525282909,0.035666009125556175,0
89.96895147105346,74.72610392203465,0.6359525856689046,0
99.63317690683539,73.4846184046158,0.3030198857600373,0
77.81238643232065,85.3161633190235,0.020983375041573406,0
82.21511535004274,67.52730780881086,0.19820791339233665,0
68.40497538990958,77.02836729872001,0.07083306362162593,0
67.05690063878994,68.14200844721506,0.011587483763893958,0
97.18788733591298,74.77652228919331,0.3143472188044313,0
100.0,59.51034416299152,0.005971191220087015,0
83.91984817629499,26.101291151024277,0.03535728530092251,0
100.0,67.58297508064652,0.05390859353849238,0
90.42454037571451,95.60946644979892,0.020400550995543297,0
75.32320368092313,86.67187724034866,0.3219870049254738,0
90.4209340826262,87.37715472264107,0.007629383517844199,0
100.0,92.25035299251192,0.048922819073710565,0
84.46260941335073,71.59583663730588,0.016781933985066944,0
100.0,73.55168273330072,0.10024393833499647,0
45.703823438653835,58.8822658821817,0.21473059236356298,1
97.32853756562835,64.3106885915131,0.06292607599588006,0
86.30570602357257,81.08388069588055,0.017560556955082976,0
80.51488974301198,91.6699198690387,0.11010620712319351,0
86.37641164803253,67.489967037742,0.30287983612293945,0
55.18646628098661,61.89659323267459,0.0016538975879990838,0
81.70492168243732,70.00950325941875,0.06558817014198197,0
90.35668857267619,80.82172148072407,0.0207127860917714,0
100.0,44.010613309596245,0.04981774174120759,0
77.22594672589528,28.668742843529714,0.06210582263525326,0
72.87259595660218,60.090336709151494,0.7507465397813621,1
77.47364434623195,48.02717633354514,0.028426106536041197,0
98.73103176553111,60.8534764423484,0.3362083885309075,0
89.93126664489526,67.33995426128551,0.04007732143976666,0
77.05359694349441,61.84152863758576,0.35574622097518643,0
92.69901149670034,96.14441562047341,0.14557250020907742,0
86.4561632402206,75.88140576284177,0.014365992658972048,0
99.52967485799334,75.4085384729949,0.2261273135995446,0
74.46920359183972,81.19972859278124,0.054988287986796947,0
80.08506780103347,49.501003879946154,0.1476047379602542,0
79.11837770301763,88.70401217356483,0.04882686539393421,0
63.04727577801822,68.63624284236172,0.0674108834468387,0
89.44180415596864,82.06865111034183,0.0062650101774698284,0
88.91582908269834,50.706569805277205,0.19279494035598269,0
85.07670184963692,42.03234221171084,0.004970930726506773,0
81.4811929993728,84.72201384445052,0.045125445529611855,0
63.769438869243785,76.7753714697553,0.1700025896462018,0
78.69032015851961,53.76307202156481,0.27385635117767215,0
79.85928225209845,54.346064537055504,0.08967870797806822,0
72.96584096167571,90.25782611946585,0.06347116902487922,0
82.58071432500986,48.5905859283881,0.00900760492923005,0
91.06076285221808,99.56811315860735,0.083646699944241,0
100.0,53.78882677633836,0.293145360673566,0
87.61866719247759,81.4910546609509,0.2298021009776102,0
88.86325586084146,64.08486743651828,0.016356980265595452,0
83.8833112635075,80.85737375948217,0.5048277673644377,0
56.21843177051438,60.20594796194453,0.48116056229337695,1
84.60229186826174,67.0697276906987,0.6349648445990096,0
85.90345314911539,70.73654515712298,0.0005205014248630814,0
100.0,51.96062579593349,0.0008135084127847867,0
82.11458552828316,83.33483821756226,0.45716620918298423,0
89.52321013500419,60.76215580351147,0.37693166679437884,0
84.47932345442135,65.88520152387967,0.30716912765076676,0
67.46982943570701,52.10171125704678,0.2938323066281704,0
100.0,23.87799414168441,0.07414701673368244,0
96.27899549030161,66.56150027319696,0.03988831951550715,0
96.8654792056457,100.0,0.6672335306521864,0
71.35918817807891,84.12287718216443,0.42537733592905835,0
100.0,69.6533131647809,0.00616477792908821,0
63.97223405811579,65.26796507425118,0.006749531982407693,0
93.80285640700406,70.40438607061684,0.007962332653067825,0
100.0,79.84814407315378,0.000911163075857113,0
70.14195512303968,48.745369324440794,0.1529304665760453,1
76.50553405595842,90.0577905040397,0.16876810640060094,0
86.49477047631461,82.8768636779424,0.32675479034025084,0
77.44786518825701,82.92734306274282,0.018985723461120874,0
61.74004853400801,77.8925632985751,0.5469942118991147,0
86.0284446220904,70.35309983849181,0.15199468951963788,0
69.06544429410843,82.11150224740275,0.00202638627185176,0
92.10388645952773,80.6526544073448,0.027563902071493653,0
71.20863648649295,63.62726720306157,0.23119526593700046,0
100.0,59.67516808785578,0.07335053823024686,0
73.25120061495645,71.83341331471576,0.0055325499646372844,0
80.16907725691486,97.88236272691337,0.17258209601024863,0
97.20275826054505,47.696072638229786,0.3094416842080896,0
66.53703525349067,43.58454521645608,0.03793338405687668,1
88.41189901906193,72.9656951422573,0.1319728972699503,0
100.0,70.91597863340833,0.02430910245554714,0
60.88775148158159,73.12014995866735,0.12583968162412543,0
87.76950787798457,74.391157562353,0.042169625811946214,0
88.89824191372635,65.9823594165735,0.004497377636213483,0
96.72734307665965,96.81754189483748,0.018145070666812063,0
66.44573933682877,41.18372838742272,0.024859554592239146,0
65.19315080373586,55.08705355395557,0.06516057050172418,0
92.82912348425346,68.14141431731714,0.16770003192453553,0
89.45477009849779,40.422601399224995,0.18531474410640336,1
88.75739275518815,66.83462072022272,0.007691823023426039,0
90.19672314245464,99.90646298310432,0.3800265514566275,0
74.79962917632264,70.37595678932732,0.4911717747596644,0
88.48380545741506,74.15261630293631,0.6254230928633027,0
89.39608709948021,47.317034226893554,0.41273502788113625,0
74.28472872960448,58.9054946552894,0.47387730359334274,0
100.0,63.24646515416914,0.03122121377293717,0
92.10749381367681,64.28112825838778,0.012023904543221466,0
67.13044754196027,93.06958831006784,0.2975127516787768,0
94.84830412950744,80.03843909305225,0.4228672487177596,0
70.37977494659017,49.99375677513343,0.013641927049161567,0
96.80626905613678,74.43708601177609,0.6574806307953567,0
100.0,78.96799147294213,0.024372801575708047,0
72.68976522472434,90.52268269338279,0.005491135609762292,0
99.45064193866483,98.44973235823072,0.22748489139280176,0
91.19171390404748,51.72830454709836,0.0008811407780201071,0
97.33090239991735,55.40456479821391,0.5334207489592525,0
100.0,47.36359853953691,0.1291783230695578,0
81.31917825995694,65.78764253607434,0.057192619891538746,0
73.69395753463766,78.39445074003402,0.07195358582493581,0
71.65728355561716,87.77202129860383,0.21669163495242627,0
72.76284572551843,68.63288157443459,0.004385751014743122,0
83.84347435878844,64.24274458141281,0.2966693118742783,0
90.11727962224965,72.73164386047732,0.7289201402862832,0
89.15036198995028,54.96742777065958,0.06850397152666962,0
97.40774873554035,100.0,0.09301769759663464,0
85.1950283781686,41.06210151187494,0.19436118927581433,0
100.0,73.32533042012304,0.012023466197290547,0
81.03014750143066,100.0,0.058372746516664985,0
100.0,70.12239720207997,0.10270987194631173,0
94.3850102164751,66.5792973699731,0.06020556878462985,0
72.14263665375576,63.56598238941231,0.07934214088286355,0
68.93661252908332,66.75294972827666,0.1057068510322469,0
92.23708622864778,94.71127254417755,0.08126772890979804,0
81.64805822011223,30.186485596068877,0.006523028787215628,0
95.71000741138138,97.60180662333386,0.4087185911544428,0
92.09856436860318,44.368771255897386,0.1087752675977786,0
83.9075663101469,65.20025807378053,0.0012516977476665753,0
72.29809422897392,62.273600434624086,0.02684121139503641,0
62.27729162971203,80.59395885587296,0.39251238711248415,0
78.30227571899468,41.23376166609254,0.17715339665628996,0
97.84598191485209,78.31910798947497,0.3169718320819802,0
88.21140616195306,100.0,0.07957356076912449,0
66.31391831932018,45.46286791732941,0.4893012630212605,1
87.59771388776772,73.41471101698713,0.21621806138252167,0
90.77976069593255,58.084320799661036,0.17855231780867437,0
71.742138456983,77.66596971147465,0.20099108634276505,0
87.30587658918292,70.34465999348353,0.28649806239890335,0
85.87313077669,58.453235637202425,0.6281498315859896,0
67.85544553254066,78.78170112767933,0.2777013997776944,0
90.36681040522424,100.0,0.0003135374879049691,0
93.41176789552351,66.56373174890862,6.515603724357778e-05,0
100.0,82.95564295866727,0.07532937982283862,0
100.0,46.72108675831905,0.08915689236405504,0
64.33495948064363,52.78414521727584,0.0009544846800197494,0
70.93262440127316,78.50331300184679,0.010062713267936762,0
92.7255290081299,96.71408851364737,0.5385965976850261,0
92.70678926368313,76.40104027814188,0.028103228338878097,0
92.72571529459071,64.36495545058322,0.08009642763033303,0
100.0,69.98724529762038,0.008544403988047948,0
93.5633576603975,47.49266078854509,0.4069492739046171,0
100.0,80.88127587439661,0.010144907365247594,0
99.31002645239803,85.88199512182136,0.2365808089782557,0
94.77086876958697,61.862374009004554,0.01601676519634461,0
80.27096133039481,61.53924134032897,0.01570381345816435,0
96.38453830739901,74.78580813373688,0.010025519355069923,0
73.40762178193643,62.13904475126928,0.0034188945631648134,0
81.44772089889986,68.80961293673519,0.06610188824404123,0
77.71954678256346,100.0,0.07878248857733722,0
86.22811209079484,65.55353738657206,0.040604326878475705,0
100.0,63.549877263618,0.15217914651394596,0
56.991022111123776,58.34424749856713,0.028773275140043915,0
95.2939028556177,83.39545548699886,0.009528280918550892,0
60.80926193215522,66.73796488207415,0.15495183837077087,0
77.92102201315849,58.31128531021433,0.14041808926421356,0
100.0,93.78347258091422,0.04798697316361049,0
85.96420028643195,95.55285408124547,0.6366099783596015,0
68.8338283310604,59.192375816703304,0.008203132097226767,0
74.27044436110047,36.40228087550891,0.6146664086665707,1
95.19396623402014,88.1352464170646,0.018167125147963467,0
74.04450052424295,57.67666313631993,0.10531558678517766,0
88.24687884372962,84.23126078492983,0.11399312158735882,0
85.6835775985572,34.538131281186956,0.5029161042617587,1
75.22599478591275,86.06675208938756,0.0047194203525110275,0
100.0,48.198905272945936,0.00446079204552873,0
94.50878533477017,83.15375414319745,0.03707225806162841,0
54.622861200135894,70.25691522105582,0.31987062820404005,0
87.79681472154141,52.82909045086039,0.07935795105681319,0
75.07320302847418,62.673346367317954,0.001650797317429575,0
97.78650002194335,82.35373222522061,0.22705008463377074,0
73.11218892350949,71.90610015607422,0.04412539444673393,0
83.27895337799652,80.51943364850472,0.025685964269607762,0
92.57480918470685,100.0,0.009473769399654525,0
97.98632791255183,41.84365098920107,0.00028064456606803346,0
66.99555389416335,99.10982634943522,0.005981621585262792,0
79.98248146238578,71.87840687541784,0.21748159617817656,0
77.87582033258566,53.82188713018369,0.005372418353878195,0
75.20006151139432,46.05435473669819,0.42468000974624415,0
100.0,66.5958329660134,0.2824671491861399,0
91.07472566441433,86.58970201464027,0.186885668413761,0
66.08674068497432,67.70411583320438,0.033865224755874945,0
98.76792920582164,97.20078874445225,0.046298293772618015,0
100.0,43.87883757907194,0.04050834767276197,0
100.0,69.78239893877102,0.37544870124381297,0
62.2094505106898,47.45691800056386,0.324699107958681,0
77.73648890700623,76.54537388724943,0.1865805303679224,0
100.0,85.9639730217514,0.012489292925161793,0
74.38495801571828,62.42628771374104,0.07358133755294886,0
91.65729142219342,23.124150580711586,0.12678858708177967,0
96.61951080144006,73.5810666423369,0.44834785137104594,0
71.09604292632875,77.86129393120316,0.0001665534095358775,0
84.10711965907299,77.27730558931056,0.20646521342877358,0
36.38098989896391,92.24407945279877,0.28540835684774224,0
69.63418537998565,50.72103376631712,0.22683228405454273,0
81.2114777291026,82.2438898981081,0.30629687174856185,0
66.28325227052726,91.46513522460354,0.03817003110541621,0
100.0,37.9854234878827,0.10067626337157566,0
63.54787933059051,75.7537328665416,0.02226244802546654,0
78.39933269954524,60.924763041861915,0.03540706417413971,0
86.96110865929137,68.53259188417037,0.5041626724679483,0
100.0,76.25817670369005,0.05015139535408296,0
63.46206773230841,61.22988584595606,0.19130422688143134,1
100.0,57.83725457509099,0.2977401042432073,0
85.1534959152938,70.61474351478444,0.1350214851903639,0
70.27737023428074,50.429573100469554,0.3773694846127584,0
91.93155211394907,50.45514768006666,0.5629424397230487,0
87.98589543360205,82.22871909321707,0.011081002481684756,0
75.99674684261808,49.32170736714419,0.0004159206262535838,0
86.04703127485028,81.99362501636581,0.06113511078600825,0
79.2202960470736,78.32664327137113,0.058207537537493706,0
86.70276017876871,38.93547888176926,0.5731488390181039,1
94.93196011781569,57.80383625795821,0.013497913769616211,0
100.0,91.4939692548527,0.08764969107744784,0
66.43276751759727,52.33902043948573,0.10901901818828076,0
100.0,61.640723278431025,0.07172505188888117,0
55.71868300716247,78.31709607853414,0.1754421851460358,0
82.72322357446625,84.10102916708672,0.4062074181355687,0
93.82475809726864,65.47230005119907,0.40374925832911013,0
89.2148780160255,59.24481649555045,0.3402971409448257,0
75.65950720269109,95.60265751057314,0.00010709279027529156,0
81.87816624464087,100.0,0.34664332881160215,0
77.6049859801175,87.61944491407232,0.002136614382297067,0
76.15952864583683,71.53572656617044,0.01823975538417113,0
97.74403145531538,55.451217010463324,0.053614357605195236,0
90.35523228947571,55.05200068198182,0.3406257931359888,0
74.60635607109019,79.40525389478364,0.03097701900094999,0
98.49399813149876,77.53116797599631,0.05348850172965268,0
89.60949281314915,95.22877467303573,0.011346544603329256,0
97.1929317825844,81.7081016656505,0.11957056295773243,0
94.44443262885419,42.94455456832327,0.003958556407571057,0
72.56507483616892,88.93505711901254,0.29474187783919936,0
76.59728439704546,52.034908708340566,0.21990416097746696,0
96.20940407684893,63.08851710485767,0.07288878314111767,0
94.15555398150197,74.5036037125305,0.004061917708362551,0
84.68647609053778,100.0,0.4115334697259554,0
86.75991074963173,100.0,0.02767447276244218,0
100.0,80.9210150644513,0.00044906689309768026,0
76.12642916746255,66.70246086303302,0.07397470410403477,0
93.20646071755057,79.6211016726499,0.3603971623672331,0
81.9671102134916,85.97779766572904,0.5440169985305189,0
81.7347819515917,64.22798273997054,0.1467848112173966,0
100.0,100.0,0.17634838647625112,0
97.38124523482045,74.14127366544524,0.35059858923495163,0
97.20264454000957,78.9593756036451,0.010645536000280911,0
100.0,81.9866365369803,0.0267695118438813,0
85.31505762449139,77.5885589910602,0.3081412515506451,0
95.22929456942445,85.10092900845302,0.30853908513386885,0
80.34599865109816,58.88944264215538,0.018328537547475456,0
89.86249528732664,59.95056842897145,0.034463388631383436,0
83.04785418448473,50.19722380650949,0.2669986093048045,0
86.45493947489078,77.91102215116408,0.1352977765327515,0
93.92735538155371,84.02085706321806,0.4548952388777553,0
72.72668975149791,78.23991159073394,0.030684070657341588,0
100.0,100.0,0.08329560805355146,0
69.90973927750447,69.89927166107717,0.3339036248644813,0
66.78717080818402,82.03734980066523,0.0508811121823844,0
100.0,50.349384229492344,0.007722562445490077,0
96.87494040944404,63.03220535546078,0.02837687714253634,0
94.36179725578232,82.519679636184,0.002454827920321858,0
94.4251826389642,85.2838379933766,0.044483095964823985,0
84.81629840729629,64.70859494204473,0.47189120765434756,0
71.54118442771252,68.7112134665548,0.06316524752410811,0
86.1370683729059,42.67827255974543,0.07879809518082578,0
74.84257432731833,63.573474385481035,0.43885909169775783,0
99.62679600126627,86.02689694335615,0.0057336805338627115,0
82.79413927746792,80.35369028991819,0.09500521928057291,0
72.61754204811233,79.01198298486177,0.008606883605426437,0
80.1792123752051,70.89592636925728,0.21439857724724243,0
91.19397181413437,70.12713685530717,0.006891286380261588,0
76.54413170794038,58.114219489477954,0.4329780852328055,0
72.66669406650352,82.57891156364562,0.1285744861144236,0
88.65530817237868,77.57751299900902,0.16308418252968557,0
88.67449856663085,78.85633926387038,0.41560780039671713,0
77.39585236943306,60.53137283198355,0.04337093887393595,0
77.93442541572516,31.2398274423176,0.14890108421086426,0
88.48074906036454,89.74874881156653,0.738198471240756,0
63.27873487754014,61.380925791848725,0.007568858485711442,0
63.88804338435167,54.47003624722383,0.1064345916023188,0
74.22333668121345,82.48262041445189,0.03230286114981727,0
81.7982927243223,62.94377248145567,0.0949815340290955,0
89.66361348397007,89.07885491283919,0.025545855740046353,0
100.0,81.10610709238055,0.002740217107222166,0
97.86489434803029,82.3042478176086,0.08420109813330588,0
82.60092205054859,45.412797198390386,0.006250978820017024,0
84.71475688145966,91.8149917369552,0.10268721628091222,0
69.96205953043287,74.70250956220941,0.020334468189531427,0
84.72230296011415,63.353011493568346,0.2800529921706381,0
80.67012041619793,72.58099241216053,0.017567534655632367,0
89.84077840507135,38.02776580783024,0.029315136836805516,0
72.59153584671516,77.35575060665208,0.13449971466203373,0
92.79019771361759,51.47131285272271,0.002624449350100111,0
100.0,45.65193485481638,0.05843840442510161,0
83.36859777314713,42.59753464807796,0.30831305619972815,0
91.02567583148412,90.02839074981866,0.0017683131830895352,0
95.35215987566669,58.6732589135298,0.8373099127656515,0
78.98169292171245,97.60709877849699,0.06007227349012014,0
88.36138722715626,60.35557366505864,0.013363484312321736,0
85.18888601172692,39.26755676332696,0.0021977483801306134,0
86.46514147823248,49.90256008092413,0.05332307648654173,0
73.404853242168,92.2446091601249,0.10032176408280341,0
85.36765261388415,67.19383279713999,0.049937556029726646,0
92.46997436868175,60.13082866316918,0.5997932900795995,0
100.0,72.88032806535018,0.6084581102778903,0
99.3890623912781,79.0320892510158,0.028048989114382493,0
100.0,90.1131786862443,0.2618591392530919,0
73.48978655667926,96.07298613807266,0.3906155142449002,0
98.08480955081018,63.52416437579645,0.45401515435020456,0
87.75013008607527,46.131141650523304,0.02595618297501908,0
100.0,62.55762709978103,0.005037741444137564,0
72.87552571967272,74.68504911849195,0.5943967574862645,0
72.40417236728835,52.652339328209,0.10792092826851132,0
76.00911031833967,52.771283531889225,0.5214617719271448,0
53.141564135352894,76.18818186789794,0.06790637895321427,0
77.11367467478858,69.12425767173188,0.03057608532599217,0
73.61301007669454,70.59034591740856,0.05145810778781363,0
87.25590679714311,56.347083975398746,0.8509180964891083,1
90.12633963665739,65.85278714429619,0.019478846506732973,0
100.0,53.36380340317052,0.002211631891852705,0
99.25635757279075,86.02357140024617,0.04275723274823926,0
76.34644516506395,88.63448802502755,0.8196100811829568,0
71.52377992977463,36.76861847971431,0.011995542950332819,1
92.37878757259759,53.26880451653662,0.17775076648303345,0
65.19650189469037,43.06247340837858,0.00848956134137432,0
100.0,58.29956918067583,0.3204082408202686,0
100.0,68.4981165437735,0.2598628171127476,0
77.96236521842943,43.90638604542646,0.09969929095082075,0
59.30298206363683,53.40652336374437,0.33510527578555716,1
100.0,51.92876730253303,0.07275278490193196,0
83.28190232121074,73.73081192918099,0.24497420570334577,0
100.0,71.2481980666525,0.024963993819630142,0
61.08358511808449,57.00872403992944,0.010387684678808214,0
76.0093746556934,73.18277569850916,0.16557696449069045,0
85.07865549577275,60.15975847742922,0.00039455921020512306,0
85.70470890647113,65.11020801413105,0.03955447089684529,0
78.24901792781135,100.0,0.0017642970440935061,0
94.34274898521248,94.12829893222626,0.386909996893718,0
68.98569355926108,46.60753773530324,0.0718589895751682,1
82.8643077246806,84.93518352182514,0.16405512295345306,0
86.80443447567848,84.60513798084865,0.0002679484595958777,0
92.71658251088124,49.331260802452874,0.13507321972695585,0
95.67422317133334,84.73799758758749,0.5035291442155841,0
68.13036862243196,97.68277453142595,0.6906245244139619,0
61.98828743896566,49.79419348760055,0.0737033761530445,0
100.0,53.48494922174326,0.019566606764765213,0
89.98471017969388,88.31790640318304,0.12409729811304689,0
73.7727019516517,74.88691559486166,0.24705408679629254,0
100.0,79.92657295431142,0.6126551402903673,0
86.73511951439288,76.13060589520894,0.09068476342037636,0
100.0,77.0325265767066,0.1491567913349888,0
86.01277722115164,46.12350169040051,0.038323847714573284,0
100.0,88.85171871918607,0.042158301217628154,0
100.0,91.05261986369992,0.01646898898397659,0
81.2655377728139,65.8709666067755,0.025852821171867855,0
99.57356426431534,69.21741490335047,0.012295383135095614,0
94.68063924377721,42.440064953996995,0.44733060216526627,1
100.0,79.25658560832103,0.28465396230768003,0
70.52614809129844,80.2970339508546,0.04572654627092803,0
95.29077189997659,68.8805616940124,0.10618869294973067,0
100.0,90.23836047766905,0.48372518877395526,0
58.618907703653285,63.98660984236107,0.1905555993877364,0
67.25112231001337,80.16290666608481,0.00012732191718084027,0
54.41151733359849,51.64604190354192,0.4065825653818729,1
80.95889748333164,69.57606128426372,0.0040576054334293225,0
95.76313383693943,66.86162335774895,0.43401229829839255,0
100.0,74.05554259673694,0.19722452226099205,0
86.11142170629662,63.34851528099955,0.0006920375649818167,0
100.0,67.63349327790998,0.10120213615138403,0
64.29847812677663,84.86884908594712,0.05669651646528824,0
59.44926340967268,62.13824372971209,0.21608869951123535,0
84.16678451655072,41.08161218670377,0.24396894123789545,0
90.76098173408961,100.0,0.5323077443739922,0
84.5095787785886,94.86617341642875,0.04307471396462982,0
53.98836849940185,46.739271488098865,0.022226004623935577,1
83.66319940730817,82.4147404944135,0.035380068920461555,0
65.4329574924272,60.94645413007582,0.33446999128015525,0
95.04508823245058,74.74276987595907,0.07525745608058498,0
90.49897369145272,75.29603432224289,0.0025167273879439247,0
70.90180320508968,65.7806595943062,0.08019968931989412,0
77.2919962399496,55.89221801944486,0.10983865052376172,0
69.11179717166573,57.57026105830733,0.08096637990904255,0
84.05981354090243,53.50854552133764,0.004079930618751878,0
99.32713480751858,55.027200251851994,0.25193480679381003,0
70.21410930496684,68.7907907791116,0.01787673256377883,0
92.56069773276766,57.11632019600647,0.1821328125228211,0
77.04613572441339,82.27693718282715,0.12876328757200983,0
73.10690751606484,96.7704307960467,0.1139955051925553,0
83.39454460068163,59.55904165533923,0.0006986099691301104,0
69.4713651637094,74.30928100963679,0.016841762529900953,0
76.69526041979226,78.99433198545282,0.25401510059927734,0
67.03183161116728,78.49604087654694,0.028238705878341902,0
100.0,71.36719482248958,0.5439037288122333,0
85.52895327957593,83.368283530475,0.04181909747028509,0
74.50411738011123,78.68048114825183,0.09572010486580113,0
88.20969866101333,47.72207639810864,0.26383159590550603,0
83.31507925463755,85.64480915900691,0.6358406655313791,0
81.68545600700166,85.97123507080136,0.013731152640872737,0
94.21250050065137,56.260850124785534,0.018902696988085436,0
96.36261565070957,70.68288103805683,0.0037429971005128316,0
77.04248278584208,82.29992187059925,0.38229384442817554,0
76.3627263903298,66.23235124757149,0.008513763414789129,0
80.87422454272534,89.31360485978821,0.08520910382919518,0
50.471182528966224,100.0,0.24509349473569783,0
62.27213406702172,55.85225141257032,0.2191466456311395,0
100.0,45.141197143232056,0.1509112397388102,0
100.0,75.46873472088777,0.5444305408386638,0
81.26445940665432,82.98812509227058,0.06078755089981157,0
93.6483544458365,65.84440527079416,0.006192547176403256,0
89.66875231815304,96.15869193977862,0.3759342122179186,0
100.0,45.905095604981526,0.1324658386195239,0
100.0,82.472535214569,0.11481122544446233,0
83.0812361277885,59.09450522633992,0.1773099420992623,0
70.66689339099361,100.0,0.00890552201662135,0
60.903305196136415,100.0,0.1106391200843173,0
88.05195453800835,56.200181419899735,0.22759624768744513,0
73.65473882073545,60.107971553645555,0.188376895629784,0
63.666194356034886,85.47258196563644,0.005309294048347951,0
75.3014067363621,63.031648303788735,0.5257107093821166,1
68.77677994578407,69.18259807721971,0.2821493814022859,0
100.0,70.45699156976339,0.13462910732692482,0
98.22459635424175,35.44588318844219,0.009507494897672046,0
84.88041038025074,69.75092057030373,0.01905006692614515,0
100.0,57.58490006684487,0.01217482767123665,0
86.16052461471428,61.123789196804104,0.13783927931653214,0
72.08073698007604,95.98537606243866,0.0008503029164501409,0
100.0,47.38287590297339,0.022079937220861486,0
93.08365065526988,84.63769336146359,0.32474747886245575,0
69.44130768510315,64.97866725402744,0.9333055168971481,1
82.14491982874588,64.96431696707498,0.07569555626942043,0
71.86572619922863,84.2266941289308,0.5148974362574228,0
64.25800403553495,76.12092330224003,0.5538723142419492,0
98.89266321297463,80.27103394995156,0.16998804594687614,0
100.0,87.4273238895915,0.1691416951821832,0
64.02148639271289,64.03644910270019,0.005362451673948001,0
93.44453855035856,58.979738778860494,0.07731617562653223,0
75.24036146317259,50.46729052195963,0.06493205700165924,0
77.69311924352955,55.142610460378805,0.3453847324234705,0
76.11409113641696,100.0,0.4510757043278845,0
72.04013845480276,92.40423245326217,0.010684776160185054,0
85.7278244191724,45.68066140825562,0.009197394107259413,0
72.53574825383443,46.19575677861574,0.0468627995487537,0
89.05685238669759,78.67358911093285,0.7762958228608978,0
84.24642835826295,79.8507663528034,0.035214909692975714,0
81.41577929700385,79.87990903571256,0.2611563135804035,0
71.38654506937603,65.41079571603343,0.11155449196707809,0
76.34843004147501,67.7418233199478,0.2651077682106236,0
96.33086838738635,75.90183143486843,0.02724333670164132,0
92.51375781436572,71.54607411327994,0.01239516039601889,0
70.33667132802174,30.05259329054437,0.0038766483999651876,1
86.48998458143839,65.86360664964651,0.0603512957686998,0
96.27080685057683,54.674684183314355,0.08025800754811022,0
59.95892078317942,73.15380554035322,0.20803963936698194,0
93.15040288569902,100.0,0.11060621286931556,0
75.0606436158123,76.61466997853748,0.04147361563448245,0
93.5589800288974,64.35646564889684,0.15136760137906127,0
73.55111265186224,86.59242703559055,0.055532164586171585,0
57.92676849003222,78.68838196976583,0.5585998992154164,0
60.58686343175256,77.56170082813314,0.13029275403608412,0
85.72127419992073,80.92331067788209,0.03712178110497391,0
88.89583752582223,100.0,0.05298700497870989,0
71.43525062343387,49.64400816413352,0.2849932186761887,1
94.57888688166061,78.52537738260618,0.544666531704141,0
60.0771990659656,53.32513966033231,0.39771136280330976,0
84.00880302029024,79.99922763416046,0.6614538074605075,0
66.83475700356315,53.4636427932503,0.000115446967315421,0
75.22245838296762,62.487397355108484,0.01991469331633958,0
85.71098006974621,64.68838154371768,0.02345303445887022,0
72.09379952074072,87.56470094820476,0.12018756923277613,0
79.23166683655262,86.53217999096344,0.16936845771449924,0
100.0,47.57708722396508,0.49067941721891045,0
76.34662195715276,70.98881399799728,0.06452327524175086,0
97.53538168097712,57.227562614514895,0.000987783390326962,0
68.05439718013572,47.34691160784398,0.35136038221110294,1
92.94706266872925,66.09369309236133,0.06362566542878563,0
100.0,64.44730980779525,0.0072552684427934985,0
47.92533249809066,100.0,0.17145607211879102,0
73.04657116794284,77.79327685649253,0.06969487283164534,0
93.6560819077081,45.202884986423726,0.08891309761629106,0
81.9543192093551,59.83406792492304,0.6598451265788098,1
90.56718810056964,88.38489931772918,0.002598481618024749,0
75.94022219926269,100.0,0.12750989024382414,0
86.2988468120935,41.45230037971675,0.3393736699584959,0
82.66484146911881,36.16136106749719,0.013572817993831523,0
100.0,100.0,0.3674594001473904,0
88.8163126495182,77.01305519267628,0.03752057577152565,0
90.06403993112804,54.370730826225405,0.022906057446558634,0
78.821845508163,79.62332355020384,0.013749730349400925,0
77.6859066389126,22.5565406976962,0.14263659573299003,1
78.51162718270568,70.0607591187489,0.0034146183752928458,0
90.91678213567445,75.90078111117553,0.072940229394015,0
78.68523278769605,86.63686251168093,0.12115317950203734,0
89.34662285344619,51.74987285873432,0.00024342967983074525,0
100.0,71.54236890526046,0.06030073573712595,0
98.06687055147539,53.34235673092743,0.03507181788046681,0
80.10964701748239,74.5969076021377,0.0014422263138973697,0
100.0,53.88376619746557,0.12168528660829452,0
78.87886940467673,62.65418489511603,0.0006778329758552831,0
54.428131972332196,52.075322893775876,0.014322320074633146,0
69.87870533623894,81.72045235282583,0.3384788637660851,0
56.938121184612164,85.45212009981998,0.05090169614290143,0
79.72729773938038,65.77682974076656,0.2417946646485013,0
85.27627568784328,70.68828390928051,0.18632662326631916,0
100.0,43.9253545365962,0.029083916071920297,0
89.90391060646245,64.60582033587784,0.45619532359081094,0
81.71349206786704,69.0963168932486,0.13871161185233544,0
97.44108371775233,100.0,0.00020133045056735429,0
51.832970364881724,49.984593536065056,0.12515391927853833,1
88.53421837162848,96.35519029754387,0.5445553717135947,0
96.5629779083045,87.94345792238454,0.13821530995369247,0
62.821206313302376,75.05145528082245,0.20908357553298526,0
100.0,100.0,2.465579521382578e-07,0
90.07744611241621,76.69789850692354,0.03308691138306455,0
78.77068129148797,77.00486552202271,0.2570264105158385,0
94.49172799159427,69.04382824568418,0.08271905071403111,0
100.0,92.0242398835353,0.03007482671715854,0
87.72799382587743,89.73644620859591,0.1391877043511783,0
88.72330879450504,58.73780882506818,0.03315162900211902,0
78.10958650689633,46.253550497222186,0.0032070488732659263,0
72.25233445802812,66.34634852687817,0.2897648438030368,0
97.45503724816368,55.59930584084236,0.48748695970748784,0
72.15874261136699,68.85655765692361,0.014542581606999073,0
86.07349355829089,92.27388642431451,0.15828330756300554,0
77.83513829852325,61.76857020843778,0.44815343668855656,1
92.18469738619588,69.22917913639165,0.15724434271550972,0
90.00493157930423,71.04440922655111,0.13135974066197403,0
100.0,85.27175587969512,0.013326214708459351,0
77.3497540171788,29.555991988277107,0.0038746420909885762,0
80.95187597059943,59.07939469422467,0.00015093965860749146,0
70.3185442632654,73.80310646103051,0.004615546696004617,0
78.33560109885833,91.6014212156835,0.8075935172533435,0
90.65950739567278,61.14575594488831,0.022642417091413226,0
96.35482924968028,36.22205129124627,0.4774237709025402,0
71.16752013733561,81.15480602739045,0.014653475750493783,0
98.0440888015849,58.56347700113867,0.10332950779866702,0
100.0,48.5860001363735,0.2311934023252884,0
91.20152354835551,58.761782985161965,0.032152877954815334,0
100.0,66.6785435621947,0.2072427337665748,0
73.3931620134464,59.11459603831217,0.08537247364649148,0
66.33017945032874,30.299810972216754,0.08757310113464013,0
58.319196266435824,86.14719154396838,0.19930935739000266,0
100.0,92.947750743017,0.004917179217630945,0
94.81548484531086,81.7273958441111,0.023438056357656317,0
84.16622993634317,49.5216579323533,0.0007368450201997451,0
89.19952939479731,66.37315238894467,0.3054720935321418,0
68.11766429052435,69.88261632586976,0.04386847354928755,0
100.0,80.77829901211439,0.18847021271731532,0
86.93831772962841,82.03012879692545,0.16222330200759322,0
86.64092191907339,56.78487162198708,0.02766210903785409,0
95.88649935848038,71.47592001544409,0.0007420888241710831,0
92.2151384760507,78.23104728307435,0.12640764822985867,0
88.35826036418698,96.2048017986418,4.467259361430103e-06,0
73.14288316832032,82.68111771684501,0.05802545447553069,0
92.07202535703993,84.20302037275934,0.022354741621304037,0
100.0,71.5088793027285,0.208454237350845,0
100.0,95.38826461366307,0.007742988897548302,0
100.0,77.37573032727096,0.07878750994035906,0
77.33176485353222,54.50041761687573,0.6322338345542426,1
70.15592769612128,95.26065946225343,0.274777755830857,0
83.11319619850528,82.56225890570249,0.2927224423107365,0
85.83587368433042,62.02520761968732,0.0004998280840053064,0
100.0,61.36912658681362,0.010129785409430095,0
59.61303055427771,75.33835981253371,0.00046886196788986466,0
100.0,78.33732631481652,0.030528985041032485,0
82.62988152131516,73.55126078136172,0.24803918215967843,0
78.5967839507887,75.60355612197193,0.039816593216539464,0
69.81843437109748,100.0,0.1991760724040572,0
60.177149922013456,89.28777674022794,0.5109406162670911,0
97.34755875942872,73.43144064277044,0.028930806371297864,0
86.09976950782605,86.9435904538147,0.011112013917061,0
65.6505865038842,51.41456973650429,0.3237797599362172,1
65.57381841904576,77.16268689904255,0.2633985392086037,0
79.96322951064808,100.0,0.08333777386833367,0
100.0,66.07517388293726,0.06280075070034964,0
81.10612972954593,54.74258928485647,0.5242447183269034,0
62.45285570322841,58.262400005324906,0.37810700846701784,0
81.31385403871084,50.38660532783701,0.07065945311440161,0
80.90914645378494,55.874285653701335,0.0733920855426656,0
44.546700355876425,63.330854225379476,0.0055062653322485965,1
84.18557700223282,44.69979365478444,0.10090697419961761,0
81.53598204686983,70.28113001109286,0.0004848234858919195,0
95.44309547220128,86.24098912815965,0.007268430669003919,0
100.0,53.660388757355435,0.0648514552739552,0
100.0,97.34711062555184,0.24229532889101946,0
80.96666964167754,79.1942575934967,0.008313525034367391,0
68.40211136887496,88.55045054123303,0.03153625395651717,0
100.0,58.15897803066153,0.22423011109255653,0
85.88827651021732,85.38145408719909,0.1826627190194626,0
85.2089393786942,50.34518979288437,0.037846570354544515,0
84.63812369334995,86.02445501505716,0.01060111710236417,0
87.97127141151783,73.09310811628356,0.12330573041585946,0
82.83459382114086,79.95852195972611,0.32430602549802684,0
76.39506989679646,48.839297098752674,0.015873291825256486,0
76.79711588139412,53.88874283902111,0.4012805371840111,0
84.50870094676003,80.75010792856092,0.1609060595517197,0
76.84862843299352,52.92973592396439,0.24235145550614173,1
74.30731325984253,78.33771325778422,0.1325207206339042,0
86.59645341537845,45.39151948371558,0.0727696706740565,0
81.17534173868717,85.26713582800002,0.00825169719992938,0
100.0,47.814580334166834,0.11446511080628573,0
45.23545287410482,79.94139887823142,0.2593212467459442,0
100.0,81.26135680562803,0.1771597621181141,0
100.0,57.45810726826765,0.09420694591537132,0
53.89914651387776,80.47647820752509,0.4718105012362258,0
79.85968608879477,74.687960740004,0.4322495132815393,0
79.42838701006313,60.30084658853071,0.13919650054836602,0
63.88732457923268,51.846015686628256,0.21772443280363984,1
73.33274968613686,34.672737549893576,0.4223450092901086,1
68.34136231801257,76.29370085139449,0.7138230251052057,0
100.0,41.83355011548301,0.04018314592250692,0
99.03517589721191,71.71619558994355,0.0013274466263033977,0
100.0,65.25793211051952,0.6003221845438265,0
95.82508096064852,82.22456995788752,0.6052209068036765,0
68.06422343174157,64.56318100918244,0.06788064901336043,0
77.1321960058034,64.06993984575236,0.0186230861711523,0
92.34061841841877,83.17367267718932,0.02009158131985994,0
66.66808286662082,76.03104452351411,0.029718258063997173,0
95.69497645258582,75.69080722929002,0.1916520198171699,0
81.39511902762797,78.44681661655348,0.07307497786015595,0
79.37768788675604,42.3597017822721,0.03308767286968173,0
95.66439952305238,83.62219623976567,0.09960980020222185,0
91.6639496722906,81.02443829224484,0.1389577766547032,0
79.5855075127138,51.69970368562305,0.2794742183395056,0
100.0,65.60655147386437,0.44842809141336576,0
68.78405008600154,69.29246882270265,0.22382218788730365,0
94.23903410416396,67.57905788076881,0.22911497350281917,0
93.89651886952575,76.00947939823362,0.3134830164431538,0
80.35680341029014,95.76460207296131,0.32926023588838377,0
89.89199533363177,89.47180109811092,0.47670165872556514,0
66.23329635422046,46.38005451823469,0.10060896613728047,0
98.86040528810352,81.19725982550888,0.0008451578193484193,0
82.22646795335517,93.92079975163738,0.06958637393648465,0
77.1591546922144,76.96255337240565,0.06323260195556027,0
100.0,89.6376476533474,0.24996714448105806,0
74.43484464185862,100.0,0.0017675403433361273,0
63.873080554546604,88.42677182992567,0.268646807143318,0
61.65056239714144,74.48755472155112,0.2844617511372035,0
94.0901492701846,88.81159253352556,0.20841282802205952,0
65.79355971255575,72.60798099574404,0.00147974457834987,0
100.0,70.4302547791292,0.3758603716560274,0
53.77105888174417,63.67454375715281,0.009541942348276933,0
100.0,98.14144045897795,0.6045692965497309,0
88.16526200803928,55.268284013043974,0.28428948073931876,0
83.54930332194411,97.58261904420608,0.036265711259694654,0
76.82621369786575,78.99755422732669,0.32345764407732025,0
90.98704171528107,44.81248885356506,0.14103630540235798,0
84.43547946362727,76.61768727384559,0.33132337702293796,0
100.0,32.19952286227077,0.001567827872622481,0
86.71341472993059,81.25914430295865,0.014968613278825158,0
87.25452642192816,85.93416669380184,0.052458650923446745,0
79.54581681679217,59.33759279826304,0.009874200429932457,0
84.14581564418398,72.22385852720048,0.2727923801806319,0
89.6170265333809,100.0,0.004741348460142387,0
59.34747411015062,60.89655932328514,0.09882609304143387,0
64.7772186684143,50.93966343298119,0.30569947775021006,1
96.14896141034072,96.66994124432678,0.3536624654187593,0
87.56298157191912,100.0,0.47981569313811545,0
82.24024995470981,70.06652209326126,0.049166112896393326,0
85.27650899598089,88.20633463735041,0.055992353008980755,0
90.21372558042506,94.14656647955586,0.007378423604088502,0
76.90360479535958,56.63528381430909,0.13060062892335608,0
73.3254291189653,61.26449496337837,0.0068508720566046585,0
87.93767882646522,92.15574123678523,0.5648280248144737,0
70.32440833577452,100.0,4.562302299720652e-05,0
91.12379133571707,80.13185548313838,0.010992193886167302,0
59.46124593643239,54.163341636963025,0.4447623545106203,0
100.0,100.0,0.280077854938987,0
92.08896223619564,60.44252383938464,0.11577262872151009,0
88.84044601470814,63.96751993891387,0.11221637982527968,0
99.74036475918271,76.16208102081319,0.007729224981301666,0
100.0,97.97488757286594,0.1819902725684523,0
100.0,85.37156757794003,0.3949917675666221,0
57.38688653002532,77.46757900651438,0.13057351926586086,0
65.80634549896448,78.33919354212591,0.026601637349956204,0
75.62772133456481,70.78326403558239,0.0026265394935479727,0
85.3913657531625,80.04651126133311,0.02544015988670997,0
92.76488530703685,24.467918601502546,0.22048445449980988,0
74.11384280269802,64.66106573674362,0.029088575296994313,0
87.80150146715617,74.34379482850206,0.09112994278689057,0
73.66925601470017,49.281746494848875,0.040219086752279684,0
75.82723295512078,76.95381972060808,0.02608549613278914,0
63.900083547276665,66.31951802224981,0.22233669441670526,0
71.15150130833644,100.0,0.008551451833671208,0
64.72473091575499,98.31435505386742,0.014624173721423026,0
70.36190120534,61.61549975587307,0.43970006365592884,0
100.0,67.28492119179948,0.20845116033725655,0
70.75901666752085,68.66894381904893,0.04526744514066676,0
100.0,61.87012942912679,6.472119779355899e-05,0
92.39976851321333,73.51044971250629,0.06704296144764023,0
87.77254185542311,56.35092276002338,0.19925963958578763,0
72.1246332972818,49.648923971124525,0.09486070167306411,0
95.50464819113486,81.20880203020484,0.0020535479171318216,0
76.36543260643339,81.33153251599259,0.07413087334777489,0
86.83014721968043,55.52231632612014,0.24744040549660756,0
100.0,86.11639775372679,0.008025284280637077,0
83.55910150413025,58.631600875024034,0.09898355954253849,0
100.0,74.55697428468366,0.256829773826451,0
74.45235362311169,84.7661922270242,0.10293370206650149,0
84.47517264254557,69.39497383533316,0.25605976760535565,0
100.0,78.18533641854043,0.29041401066756356,0
75.5954941331835,60.704266410023706,0.07328695112413951,0
100.0,66.46360149829425,0.14452429643301018,0
95.61627903183214,66.29453024415388,0.05804199353999287,0
76.56299836158598,56.5615897622757,0.02090670139831947,0
94.48611608583282,66.81806506391592,0.07626931016032747,0
99.58831674440094,42.12487062045256,0.06986550584184426,0
94.32714943325794,61.159232551442116,0.10874149667892755,0
61.446629201643155,64.87224111934593,0.005786392047808001,0
74.09294236262697,65.38876445508315,5.042338120743843e-05,0
81.28722046672743,65.65304597432598,0.1487763005093135,0
83.8834985634993,68.88824440251769,0.08046258196073869,0
94.31008146326018,78.62994732554915,0.047693364864207353,0
87.66551501399881,85.74130733438541,0.14755804361477648,0
64.96983461934848,58.30422591673119,0.03234860339035273,0
90.70296776508945,48.3423846029954,0.2040107555822922,0
94.15878617925735,51.243200579624144,0.02248878090816742,0
93.3968567189656,61.23034741849131,0.043060141874802824,0
100.0,63.66541627930284,0.10053380121501358,0
97.50883231823356,56.14007080844577,0.2805318591843681,0
91.88770118842655,46.6699000435019,0.14514374203737399,0
83.94751432812029,61.789825105464615,0.013018833370226109,0
60.08558599726014,73.26567916205148,0.0012492592108370349,0
91.44427328698879,80.71053038504016,0.4361764753339833,0
88.11531530744666,59.96638504405022,0.07391512546335723,0
89.0736825579306,62.566039201418185,0.019178850142926817,0
65.84877136269536,53.319430440748405,0.10474191076832307,0
68.78415189387607,69.43409493325403,0.10229042505969833,0
100.0,54.72828458456534,0.044989837005691195,0
84.40667269215018,80.3163006383416,0.5642035372440626,0
95.22251046058936,37.854403145186,0.07050440118708703,0
85.42477564195688,63.52666589585568,0.0873654727058191,0
85.44634209243615,75.41993210545135,0.0168465442991615,0
99.07425708963997,73.30902129380507,0.013767307882002101,0
77.25932907673939,100.0,0.017377434335335697,0
86.44181165411476,76.29640044222234,0.011588924494555945,0
78.06587066942436,51.927017256843826,0.21503195687581123,0
78.48255658851527,68.28164355239669,0.005290471830117399,0
80.36241814797042,38.027565997603865,0.23272625567328487,0
88.3320065745057,68.5492045126583,0.45998069309010603,0
77.81877067504784,55.004990973986345,0.0112254755761994,0
100.0,86.47702496008291,0.294363011689181,0
71.58089046670744,60.10827505728037,0.123088694139,0
82.19692533757961,67.89821351568555,0.13310262464568448,0
78.40403412588738,58.55995885472074,0.16160880075868192,0
100.0,100.0,0.22389018771349795,0
87.94832164767362,64.21763020987758,0.0026795698111275155,0
100.0,100.0,0.1514105078423747,0
62.71659440444542,84.6547317181288,0.05828080731179961,0
89.00575398803888,78.67720109203695,0.20906935778796204,0
98.34446193435156,76.63719665171536,0.025209217615716067,0
86.23425983913137,77.08835136789253,0.13174058878964412,0
100.0,35.30189357177902,0.16950923979532692,0
77.24067324849442,64.98009890528638,0.031084679450887505,0
100.0,85.21284348131779,0.04849777419035749,0
100.0,69.1198506974661,0.0002893157112536318,0
79.55742159340511,44.70658275753565,0.1010613120772173,0
78.31746217898842,69.05671988960555,0.279663199878151,0
100.0,100.0,0.6797828853559796,0
100.0,92.44405087962495,0.0019844303049965507,0
77.15709959270097,68.88392783141143,0.08730232033224358,0
78.69719774356214,87.12608698704555,0.12251906156899114,0
80.7732308670924,63.402873633375066,0.20440023404868835,0
64.83324233448585,39.33031143711906,0.03360441307392781,0
71.22022080273703,53.35961221366802,0.00037033114211916903,0
69.93788849871898,98.13199783314757,0.12631666619513762,0
73.48303652343807,65.06812452707253,0.03324011252376611,0
84.47972668919829,65.61908837124967,0.006935515096308017,0
88.5132209880478,64.60291246705215,0.0016566662439396773,0
100.0,100.0,0.28549643168465316,0
70.02468938891813,99.26726047651714,0.1428990234207816,0
99.76483597714876,100.0,0.2693904193003205,0
81.79016733661737,67.13718621279908,0.0014999122974474345,0
84.2580443552135,75.32124079744771,0.12871709640354942,0
95.12229238249905,42.70043411042576,0.13032926323218907,0
68.15916967656553,96.58481967012894,0.02924139441388685,0
90.73614619276076,48.97996807717717,0.0492765297776336,0
87.49678312319584,73.90196014772732,0.614202904067438,0
92.38676896012223,50.248554502608805,0.05753454087225941,0
89.33752965861727,59.400397118703474,0.5788563023301309,0
100.0,54.92927624110539,0.033351589567745664,0
75.43390023623026,59.05824530783528,0.04872613468812745,0
77.03504567497274,60.295791343318385,0.14008692325902766,0
75.65289210362853,60.13116169134861,0.00027683262913937137,0
76.66784321259618,85.00001041204553,0.2205068639671689,0
75.43919309040223,50.112469724874636,0.13592351057308627,0
100.0,73.96974568624961,0.039648029429294636,0
100.0,91.92326474150005,0.09464508025272146,0
76.43880559375786,60.76246543875887,0.12352478732094052,0
72.51466640343656,57.07745996654317,0.15465214885226952,0
92.07123334579606,65.85055674675549,0.04648986018691713,0
76.71665433578542,91.23505375049278,0.8462101995562868,0
94.49397726633266,73.49393735716043,0.4955374948591336,0
88.04384531276949,60.43814269706323,0.07164266298558551,0
62.26383827504152,78.70977972138472,0.04233930443347499,0
100.0,50.15874130294438,0.33129900127901335,0
100.0,82.26447118797306,0.1620217387989195,0
75.80816964273421,77.35493153863182,0.06947046546298627,0
79.18447660096024,64.45944751950009,0.02849560022252268,0
89.28798086087357,54.90545562794984,0.2815146135849333,0
90.01685184980538,54.03974339889777,0.2970629129394123,0
94.87816409009245,79.62671205422639,0.05428693332557773,0
100.0,92.12164904480312,0.06689950413688167,0
82.34579158758926,58.52846055348169,0.029870278991641526,0
73.0255413319232,78.25096066392672,0.4892321175169405,0
64.31021157978209,32.433513665162764,0.47107112442046156,1
74.03604940087122,59.47688084817041,0.10292356595125378,0
84.50309540689304,69.44093920832377,0.032648742137394035,0
100.0,53.625698494327,0.03545659358427871,0
77.23583051445743,53.14288525378728,0.37885138586744427,0
88.35681927458347,57.97996798356005,0.025414860898933748,0
84.75365655890872,75.25946910987471,0.015491513406839649,0
100.0,66.62807766868525,0.039298089209646114,0
100.0,29.7118378001505,0.22360997321071097,0
77.03696840619519,31.827397252568808,0.041502023312979065,0
77.65840836222667,59.07642679857085,0.21679724617488652,0
100.0,78.23835854896393,0.006838564647491508,0
95.22837234439467,20.544912830945776,0.2685020535658351,1
100.0,61.00485682927065,0.14180427595239875,0
93.75892277988946,60.52753858268642,0.9383351769354784,0
79.61061863819411,94.99008000775206,0.3119483760164862,0
93.85982246038463,63.06960738916845,0.12476693038169939,0
100.0,76.89380172533671,0.1108180377394042,0
97.30723271796046,72.54262852157434,0.11355862681756329,0
92.60911046660947,31.64980336347039,0.23175125046363648,0
100.0,83.82772989937128,0.13900921762138063,0
100.0,73.87713709821318,0.02889847205652805,0
100.0,79.14883551414262,0.06050916394496339,0
94.73064831384464,100.0,0.15824336159471222,0
82.49322879524719,32.48596708902541,0.038177700647492846,0
87.20070529649985,100.0,0.5392278590884546,0
100.0,64.8259446507936,0.5552012267683802,0
72.74596493519145,75.17192027925417,0.02179841389742249,0
90.53009963309351,69.18077958457764,2.4370736102023288e-05,0
79.09991781508958,62.36374599883521,0.0031383754757685336,0
85.43117234402226,59.74300729170235,7.111694433472553e-10,0
100.0,75.93115724031416,0.40137169775858916,0
87.86648602029855,42.690873459909774,0.031156728153032557,0
85.69654822234223,83.51042501539177,0.08265769507506869,0
64.60215788530121,62.50850071206543,0.021899701144784556,0
96.19380349040831,49.65875189727356,0.32706477126390926,0
94.68226271711613,61.89976855607535,0.05782960883255982,0
100.0,92.62868590352632,0.031139478518502392,0
80.38332647570499,60.36396843370798,0.011541665370397764,0
88.28725491495908,76.45216512777317,0.09246412578371216,0
88.74075525566133,56.84278703712148,0.20960339912523387,0
100.0,83.64259329862516,0.7553475056669201,0
83.57056701419572,82.33913929822367,0.24099008000456484,0
89.18532288655508,100.0,0.3729225713457817,0
94.11844764574809,66.83984898101411,0.011138044679611582,0
87.79913684734537,82.03578648564232,0.360149684887449,0
78.30349578174207,71.765215711701,0.07526242756310024,0
87.91134989347461,93.32569207353426,0.3135769995201197,0
100.0,57.06101702304285,0.0013939629706307976,0
69.6022705088341,83.41009563179107,0.17591209876304756,0
86.99454511220314,66.49544866989973,0.2322018817682342,0
74.4981877759124,68.84461281204705,0.05044141248514381,0
100.0,71.65154472007072,0.40366183970126673,0
62.15219642824338,74.54032713568019,0.34558682352081904,0
76.61617229092617,67.90787722380476,0.03904784377424123,0
90.65817812596781,73.86483729706947,0.11031411609916686,0
100.0,98.40612503611932,0.16626490067025818,0
84.01374608390519,87.73809434107393,0.29116646263600804,0
76.67200709960203,85.64478266494413,0.02632228146726627,0
100.0,61.800288531570324,0.2265936981174309,0
63.27979149375634,53.99366509189016,0.20146036767170777,0
52.017910650698774,87.19541004827956,0.1237566787207807,0
91.60021675079999,85.76884226553629,0.2721112303582707,0
77.46918663471084,96.50807216351768,0.3102853599790826,0
69.6815077430393,59.12834873255387,0.4532289247437522,0
95.6253467094903,65.86812420351376,0.16820059602297116,0
88.65701070656799,40.48928507454219,0.07299584778130393,0
76.53882053894907,62.93552009090429,0.6862710653057295,0
65.79543401993658,87.93826919043005,0.29292351167287833,0
98.08685992420217,61.603083173892436,0.08081409696415902,0
94.75301766937991,81.52863631361483,0.0003413207040143132,0
83.51236204330925,66.5709440920394,0.2460651412999077,0
100.0,75.8330265079881,0.05699491852347757,0
68.94872850510771,49.34155498331799,6.071442549837472e-05,0
62.117122436128916,71.53377009341023,0.5430590540604445,0
74.62137895178134,16.15955252378698,0.05135946181333191,1
84.31620975466754,66.63586915308427,0.013362139014391169,0
88.65009173984038,40.65148161312748,0.011251070991648075,0
81.38145913215506,91.70790129784268,0.058812872261670236,0
90.28083094771445,83.9933323497612,0.03128544461825887,0
66.22690863714334,78.40007767538945,0.43365645112898604,0
100.0,97.37811208886883,0.4121211237316759,0
83.76773232411146,52.91950262515293,0.37537248629602277,0
100.0,100.0,0.38894907185271144,0
90.14088019566556,86.77944815668693,0.03895353855883394,0
91.85129828730676,65.74200483005897,0.22430177104392554,0
93.54650920348305,90.44116264929299,0.10444457624555331,0
91.71562840025972,50.086716776590585,0.03783763884869654,0
94.64084139801317,55.158745092501874,0.19336897960120872,0
100.0,59.045384981685395,0.3309573003610785,0
87.94781754552206,60.478401254847725,0.039422260348043706,0
95.63505636382769,50.98196243031545,0.024764808588076025,0
83.6539645856916,92.01549520771584,0.750071921118669,0
100.0,65.34062079334304,0.0465018981419591,0
74.85411546911095,76.34508943042383,0.4845667585458415,0
100.0,59.73367540455375,0.0015474125700830673,0
84.39763074033485,37.22914059012669,0.19198571215976323,1
63.53837346822928,74.8610324510456,0.07139844256500223,0
86.92156622366184,35.579410442444015,0.14346130596653017,0
74.78422513787679,68.76458717046157,0.10667468767398575,0
97.60965323483086,45.37032930100941,0.022501958621560274,0
75.21064031046413,100.0,0.06623854592235313,0
78.3072485017783,86.40452899914499,0.27120512587942563,0
56.65688903581704,71.90356824288665,0.5887568710626081,0
78.21540521126384,92.74672019778403,0.1067964155482849,0
48.64181010056565,54.76631240561675,0.0007721023042788917,0
61.24145764771415,79.78262881606167,0.1900542858861364,0
96.40621984216446,73.59658780693684,0.006595907765333951,0
96.78700237976248,74.75236146400606,0.5530641119560454,0
91.38186342677447,92.90236300192183,0.17117619821371977,0
70.4953578530618,83.18485785003644,0.2579084575358468,0
84.2843296578703,75.19702593085042,0.47415723050814357,0
84.94596191364147,40.21202614789067,0.6457583700047542,0
67.62452966211187,52.71916668496965,0.00623379584559775,0
100.0,67.79123919527697,0.43669220062786085,0
98.16043435863507,71.68070273697973,0.042835991470873455,0
81.68553739255503,49.656332955869374,0.5173866978176167,1
85.40328758491796,100.0,0.351636715898503,0
88.12574211921329,97.29509299456431,0.14561852873771788,0
54.37397697363564,80.8381297670647,8.29560738074295e-05,0
81.29233926219105,71.29666350310741,0.16963669657894173,0
74.77023628003302,66.18023854177926,0.3839806084365408,0
69.97569985157627,52.865467719599756,0.014730323276636688,0
80.78349560671067,71.39464933333953,0.2080026027442051,0
100.0,74.63954572256951,0.5934388504784422,0
94.61264291900515,47.64830964133076,0.00936606057785813,0
76.43231515325805,76.01517551040816,0.030477579378139486,0
93.58874172034238,67.20533712115453,0.16517133269968592,0
100.0,35.65946395820696,0.23572944956296824,0
98.86950524369153,54.51306980596897,0.23208104278736977,0
85.89445554880261,62.5551003984104,0.03250069903333434,0
75.2959483344164,100.0,0.4432714320116371,0
95.47334970420386,80.01795624160765,0.0005496745181203002,0
90.90228078132624,45.961331756201965,0.0005755493051461104,0
98.42789830041599,78.74865320951747,0.1434866060424744,0
94.52757702522955,42.14852819910942,0.3275069545567673,0
100.0,89.48843896996732,0.00024975871455509813,0
76.97147182659148,61.51975626727818,0.23587979232307846,0
100.0,68.31454860269493,0.5395486520382025,0
87.963994070386,93.86433965575942,0.028562381224934683,0
100.0,46.8310557654835,0.6997574816690348,0
74.66218272865648,44.851872667966155,0.18098312637999012,1
100.0,59.495212125771914,0.05878133584190799,0
87.96866175193972,88.69081931834769,0.029781045800173492,0
75.22872994578327,42.65177064141683,0.05594334197483765,1
77.74171248918518,19.021199234009746,0.16534559625927817,1
80.1947903770852,61.87914054863802,0.47400035249791417,0
91.36248919602875,79.93133439839657,0.012109332780301066,0
92.8425323205325,91.60471149529893,0.37512402870811,0
76.39449994092132,61.663095482462815,0.03254350299015734,0
84.63468111608526,62.594321071911956,0.1283673335694814,0
100.0,90.77021321660345,0.0010567166885437679,0
100.0,36.34464940548243,0.30857098402293337,0
91.54485504511048,63.00662604670583,0.021397480144349678,0
85.570052172523,73.42763001865104,0.028440996470908166,0
86.80046990077392,78.08593698313062,0.24453072946015098,0
94.20276959095625,60.823479522564114,0.009752615771611328,0
69.65811152202392,70.61993821070514,0.015785300846610978,0
81.13935193864982,25.21010763856619,0.0731537473011983,0
59.97123889183615,58.15152857799073,0.09515521012081,0
90.98834683907918,78.16315682598041,0.017216908807385252,0
94.70793909554112,52.31870738341577,0.020694791375773805,0
77.75220306550939,71.06171598861275,0.11198267246620605,0
100.0,78.04370501444856,0.13926295758929425,0
66.61351505496488,63.83411438456023,0.23621095127155867,0
63.0343767968527,73.06834787793828,0.28626616027322266,0
88.36677727839958,52.67081382487698,0.7412840099972581,1
100.0,66.28099696547116,0.01596270721151901,0
100.0,80.98389105260601,0.09205143574369389,0
78.1167360569659,72.82551329743181,0.12002145847962814,0
100.0,59.44243714784916,0.0866311954740812,0
84.42237295748939,74.03589527723427,0.2520060925540259,0
82.41059050088771,82.86297623145913,0.044685250821409415,0
98.25489906230008,33.101056985605396,0.11341716078412695,0
94.78484317620129,90.86333316920616,0.16277546712598123,0
61.35411764523626,63.947414703740705,0.19019661937954194,0
100.0,77.65881879832415,0.6225845746145632,0
100.0,91.5504446256141,0.017321402189379057,0
75.61655947735706,45.309873449851615,0.05492192198828578,0
90.93705300156114,57.23006195630416,0.053291989009787634,0
92.41045279424108,64.80612347423731,0.054013163265779825,0
88.9101064873586,55.89243661976029,0.20973800047513103,0
76.7454226923187,100.0,0.02110464913409802,0
74.92564948092922,54.57810231111773,0.19704399006481874,0
84.61668893512832,60.000157969236405,0.2288639415178019,0
100.0,73.67900256885358,0.14536599220245633,0
93.15400231891648,48.3613085306304,0.008647116785456342,0
79.44078501870841,62.877747188387254,0.17640090342955786,0
96.57548065972517,75.71415870250314,0.007180850368028184,0
42.27186069054887,64.0085127211148,0.4668165754662415,1
100.0,68.31903653980093,0.12850210903276946,0
58.904293318328506,60.47202197592932,0.23088306145105605,0
79.56338587895301,42.7395344347462,0.00014798253998658223,0
68.20495158060784,75.7886778041063,0.06021729236901741,0
65.57977786418641,100.0,0.2789669604153968,0
100.0,70.3312293541019,0.08287473732136513,0
77.98448198032163,74.05475411045589,0.08559912500173648,0
90.19755822596073,82.46900959210348,0.045912396310628295,0
84.29619131681224,47.152051062159416,0.3013059130559988,1
92.15561240834683,100.0,0.5922818060738707,0
86.15232836590383,73.64191833561044,0.04042804488798435,0
65.75511663717145,99.37342418360396,0.17131349022348938,0
99.9440022917071,56.80540608056819,0.03864931895754517,0
77.59365125258032,100.0,0.19467704898002616,0
61.651271520103734,83.95279889262609,0.23262538304894334,0
78.57827258551131,79.95472154534245,0.06764791251636362,0
100.0,74.21244017835666,0.09006531539423042,0
97.7533261317024,65.52648487465991,0.296132449732212,0
79.7702179838821,91.6095698525297,0.5579730618432718,0
79.76113443522357,72.52647765726485,0.025884553775634162,0
80.17547423173926,34.59274533543125,0.12444079225514057,1
100.0,49.89064368927395,0.5354652080711165,0
90.7290317834733,66.65477646053056,0.21652968936612624,0
91.45062470786604,75.57998169697998,0.0031212628289132714,0
100.0,68.98140719980188,0.015603049279840879,0
88.5818373853977,91.94147421628594,1.8477544711031367e-07,0
81.11436781268945,34.88016644730475,0.33746424994258406,1
82.05475226372532,72.58458285709288,0.058359022284598744,0
83.92598110878905,37.27637394303122,0.2964219506919836,1
84.44166645235238,83.67482131871503,0.13928969763255972,0
95.9144431545547,68.29974314004394,0.06035383029393994,0
85.77918828710949,77.55297949643413,0.008434252075546017,0
95.98960115823368,54.45010670938421,0.053504853680112735,0
83.78925129837127,93.03036876983953,0.3395160744889156,0
86.17952785474137,88.75104395305932,0.4337185264234936,0
55.026989732018386,80.50379745421398,0.210896142575715,0
98.74491512053721,67.66868955645806,0.2114984190664832,0
90.19732713846989,80.43743113531238,0.20128047865838167,0
99.97015164789478,57.27593377622772,0.05367657989561289,0
41.55616932709466,85.40000186237282,0.18660912389915232,0
100.0,99.69065609783058,0.05131257779302049,0
82.9061555776724,89.27099007962535,0.0011874609604963229,0
100.0,56.86715554346663,0.19829074476682212,0
69.40141109311703,76.50551171091585,0.13325602723598656,0
94.19160857593855,46.72345221234434,0.1601243253762682,0
69.19876655239516,80.30302560116216,0.15155698919765057,0
75.64346558956292,78.1108614315257,0.028591345759682755,0
100.0,36.34330588842105,0.4164991830174036,0
82.1397639885498,49.08789080957745,0.46924881436970173,0
88.26149309769585,64.9034998586122,0.33619176803523754,0
98.05101596033131,64.58452455146512,0.16669266570919297,0
92.43522831958907,48.22941516246151,0.14052980278410307,0
87.25628357715364,77.00161712833932,0.11020515887954827,0
90.47441503699338,74.52652496092922,0.06851377540822222,0
100.0,66.50315562438665,0.1598695615978223,0
84.13571804449622,56.395752997149465,0.09816999267810761,0
88.01648570072452,88.87672827549814,0.015222981899455281,0
100.0,99.79732803558932,0.0550626985171527,0
100.0,61.29589329076233,0.018018674440648873,0
100.0,58.98099549121323,0.006018193223344458,0
94.58095333043777,78.84173797741593,0.03977974916446338,0
67.85492630904275,63.55547116455425,0.19011322736102793,0
100.0,67.49085038806179,0.3427110480240287,0
67.80481910471968,83.31375673104408,0.11381005842623688,0
89.5395319785855,35.63159042486873,0.07430082278433457,0
73.68586224970963,93.72944184734804,0.6260044083364213,0
84.0379248011051,71.30824943792814,0.03845209383438124,0
89.93143615455222,62.59312339788075,0.026021055461052246,0
89.8203582317541,68.39378522401393,0.042399804118841665,0
91.32881131352927,69.32372839036934,0.07570003240035114,0
100.0,38.838376537991344,0.3636664207280317,1
91.8030145227097,96.90888809415824,0.12642146751733982,0
81.33765047064027,70.74386138087114,0.3116660787044021,0
99.46130752432536,77.97403834805276,0.32559167890067264,0
100.0,87.12789587033278,0.06131247716869097,0
66.58588277294511,51.61907576391459,0.6563554389743519,1
93.96100104774787,78.52249418263412,0.010531238819447931,0
95.51759113466348,65.18246036382172,0.03405238907258887,0
80.53654744960012,85.24187395389689,0.35532675703993977,0
100.0,31.709906433673083,0.004363838813600013,0
82.7491661945121,68.21630259565715,0.05021105788017023,0
86.88364680207314,59.14922819588869,0.49584595643846474,0
82.40392263574195,77.7807331114148,0.017954520913636068,0
85.23368571372201,78.46079537262764,0.05709629980665854,0
68.55587369657198,57.26273389320353,0.47426486578984145,0
63.39923676108558,57.180870444831214,0.0026965135984504582,0
100.0,68.00802336596807,0.106436959336566,0
72.29557977522508,53.860439908326256,0.005541362964258182,0
70.1291147581554,85.15570651813829,0.1333556759086115,0
52.699148295944276,63.35427039194597,0.044152476860249514,0
75.41557378465747,17.674212052210454,0.23143321745797635,1
65.15365309888752,63.25320298080749,0.24919601814495512,0
100.0,51.3062112248085,0.563339232577759,0
100.0,40.63703532170298,2.966721128734787e-06,0
74.67774482233415,47.7263205119937,0.08244742827222591,1
100.0,71.96935249299347,0.10476860000435419,0
99.72648230487391,93.91553490846816,0.09967656464046538,0
80.12752924737066,75.63732052956964,0.21380655023033962,0
47.50891427689641,59.08293901211668,0.02277492163607754,0
100.0,78.20627551307265,0.3690299002627934,0
64.15641299854606,61.73637441605815,0.14945603594518936,0
60.31901879564662,57.497193355063395,0.1471249897214795,0
100.0,49.22147197180628,0.031218380409560827,0
100.0,38.467081478469055,0.07189718549158024,0
100.0,62.98137328192998,0.23882460627685126,0
93.4586368007854,72.84496281856238,0.6131763821208537,0
93.92131512497929,68.26077393973199,0.11101745250186114,0
97.80123338170462,62.512595296947545,0.10896643897329081,0
96.38392884680148,52.97657090745794,0.28150636972704063,0
89.21787135954064,80.94843145032944,0.014460665896343768,0
86.56301655927814,46.29162544096147,0.01789508403851912,0
84.06110308150717,83.96850244918255,0.04800513439258862,0
73.69053116699986,51.96009365931896,0.14738719777929446,0
80.78987384699839,56.45616572764537,0.10551177157730303,0
59.605647787069216,43.597866568917816,0.05428030607259583,1
83.52490559807875,60.974761356058536,0.7075855232596794,1
70.17113339273624,87.55562425260362,0.11988403646246718,0
68.44616024176344,79.28130559199121,0.16218729550612224,0
87.69841226730217,87.61159801650463,0.06828839304334222,0
100.0,79.39856582681084,0.06113650271177419,0
98.7747490900347,50.13394308645336,0.5606747478703737,0
61.44249094565234,64.04579396210397,0.22136859281707627,0
70.15557795144494,55.95641567588567,0.01659632805781313,0
99.11156781982324,93.95034827270273,0.0012296969681697167,0
70.26268909692536,48.45780436432639,0.04150024740135159,0
81.63050275004463,86.086558409004,0.20140576178848416,0
93.25078148536828,86.07316966195785,0.1662270732383123,0
70.47483317704547,100.0,0.09798227841965135,0
86.5806325921894,62.62564133266905,0.11366991513962853,0
64.98961757622693,82.82179887244291,0.11839540583342577,0
75.9794853407318,100.0,0.00039840223321880756,0
89.79672901213806,58.88244981519346,0.21436221643166156,0
61.10509399702496,42.369275544417526,0.17950265139268298,1
91.60712106940599,36.15981938966026,0.6038056488213289,0
84.70543301609978,82.82881651950396,0.09610953653211451,0
93.28734931625722,36.10329625494549,0.26980769880476024,0
88.35871201096992,63.29825704711739,0.24205489828387852,0
100.0,77.8716373667013,0.34777483207528587,0
86.87836753971861,73.33315966293846,0.04305068417532888,0
78.5589168831212,77.6580075553151,0.632261411738819,0
86.83446254548426,74.00121740441537,0.13882917268836328,0
93.14947043554582,93.01958463964108,0.0033821862043055895,0
85.73290105488556,52.85830514670165,0.1349738735672563,0
85.60887536805824,57.814087507746436,0.15073573444787425,0
74.47012468289867,56.09212998512517,0.011012120976319855,0
75.05648623673578,84.94345261352699,0.04185241181805228,0
63.9609209230046,86.20717459111114,0.33377930918577614,0
100.0,78.12205574773314,0.007619087790286414,0
66.34205146913072,91.3028860040187,0.879630823579516,0
74.60642203306139,48.795264387225146,0.03439993232457701,0
74.22389101646203,100.0,0.15617145450625236,0
98.42386565416662,97.41829519082064,0.007744043055379457,0
80.57575482561958,83.24119595042345,0.046866581004255246,0
100.0,100.0,0.14597707853437095,0
74.89764063634198,40.18078226180007,0.30190565151982157,0
89.18491243335703,60.559933547272266,0.017857965827701324,0
72.46979420110364,56.764537707724855,0.34468175420665875,0
100.0,82.98662782763218,0.12696473843474146,0
67.18602371455731,51.09746668716138,0.08569650160653625,0
89.64731065340541,83.63491268807473,8.070525672236045e-06,0
94.50665321398148,94.66965059194084,0.017270959456184405,0
91.20698646177247,82.51365220151199,7.467596445263708e-05,0
82.22068511683437,75.10751842590702,0.02057646452635887,0
83.05268950399861,52.21827986378651,0.11714492011375185,0
85.65717207968665,54.756682609743436,0.0034304309877502756,0
82.79496997557267,92.49314029534,0.20989960358373944,0
99.45818675192365,84.02828207029599,0.08474607805827435,0
100.0,69.29764865120421,0.01365426504130384,0
76.63762322488249,62.47762817621397,0.20348824832063048,0
64.45295530631383,33.53545828399522,0.21970864564794768,0
83.67576927473118,50.7246564636801,0.04107398839684076,0
100.0,100.0,0.1869550968535241,0
72.94488148045404,46.951799721955595,0.07318446597058899,0
100.0,73.41063678197945,0.47113659557130383,0
100.0,88.13399151751358,0.14146757163677756,0
76.69617637438009,47.411391975958736,0.01127500951053145,0
93.53474618777913,73.3247885460595,0.3679499023563141,0
100.0,86.88247967519179,0.026835779918550497,0
79.3130838851877,70.2249877943305,0.1151934842153524,0
81.94629459846458,100.0,0.05425359515479527,0
76.27478629077035,39.965213340192484,0.034330303224879,0
69.778649039607,89.05711353790981,0.04087330950805409,0
75.2608368240099,66.88956872686364,0.26543128057220416,0
66.64089599856615,83.89456278706015,0.060860069838879274,0
85.51125202388839,77.94352873058642,0.07390394990223488,0
73.45040153412037,56.80318845202006,0.37129982147982915,0
88.50678867686122,74.12193506426813,0.02400669274143597,0
61.66156530694559,36.55777387483083,0.05898477910912821,1
89.96320348321686,80.85845501028508,0.009747213410158783,0
97.50293442413387,75.36685238782947,0.004001872408547816,0
55.09396536142817,81.49588303557584,0.3574311637301529,0
90.61084854771359,89.04612985156871,0.004265772796275664,0
100.0,76.6171571237748,0.0904051253383532,0
66.85538471963191,72.66560955636898,0.19780450140748498,0
100.0,54.14076994009674,0.0033457924040706474,0
91.28528514049067,57.180026254317085,0.062191477597872635,0
74.42482216362387,91.36122316319195,0.08457800981483056,0
84.16346383513441,95.85403730270761,0.2622408687487198,0
93.37490368782584,65.71401214638303,0.0011544875648813449,0
86.14008087118617,70.82804945055894,0.1257802726237651,0
93.08133988669553,53.716941250112214,0.03544661764037001,0
71.1898961038095,91.10962321481401,0.0440843894105316,0
87.54041236054117,81.97750282645201,0.12510930635267667,0
63.7942825464253,100.0,0.22852000715209614,0
83.33160907976949,54.1901846107647,0.8835481680957629,1
71.44138537802816,63.19585781767209,0.022733668062321747,0
73.9670508611535,74.1660266054603,0.03299482575294414,0
100.0,81.63681167906387,0.44192116847760465,0
100.0,66.11798252414262,0.005662445430058719,0
94.13707181360766,54.28670037183339,0.0018889767733067328,0
68.61530852991132,85.86533552062428,0.14245536799224917,0
80.25387325457797,82.98043652582047,0.1258879460373647,0
100.0,53.50706618985295,0.12840870257114137,0
87.12575370459857,94.39797041989893,0.3739907307928217,0
100.0,91.06357676553887,0.06883343348004499,0
90.89976759091557,72.41733695046027,0.2877401278764094,0
87.88073674735047,71.43276152276866,0.2405310025017584,0
80.36325303696248,79.97303988008633,0.055612736006215455,0
87.00311357173423,54.489344735387355,0.0002324237605561261,0
82.71295245429185,70.54056662495348,0.02043913388909693,0
95.62163015032885,31.257096197034755,0.4204529315333181,0
99.35053475191876,85.77620161905284,0.004712470980365488,0
73.21015809238075,41.89312199604653,0.03630700143869831,0
65.03150569663333,97.06155691172198,0.10085250261639446,0
57.45691940345055,64.05783830860389,0.3850221652202445,1
92.61986990368815,66.18999432523881,0.04053252813039288,0
68.4495009073919,58.7007896904789,0.03486074688165372,0
52.706641105712755,64.81530026940263,0.10716255063358614,0
90.82867906796446,95.53356421266466,0.2427987878743398,0
100.0,25.21944418236857,0.0005005732683129089,0
84.9089363269016,92.98537694958738,0.1886673970182504,0
97.57736161677462,76.08442265983075,0.028268351120835387,0
86.22744037821347,48.27361033857012,0.06863718954983625,0
83.51665520213287,50.64437692511372,0.536170188021653,0
98.78614724481653,100.0,0.1770027429554636,0
80.64588183717024,52.980876161030835,0.3211769844070449,0
89.01088471107855,49.23969080927273,0.5332607187993651,0
89.8254670929402,90.47166176256513,0.18762967023980293,0
74.97864319535427,76.09395177314646,0.24181218623920087,0
99.88063524304785,53.11733962234482,0.2072654655649867,0
82.37560364956887,73.89924955728314,0.19957271760485742,0
73.66382260760733,51.53645169447501,0.29481247486952145,0
93.04764765355606,89.8147851716069,0.11783886883308435,0
71.52298027313444,89.1046773677164,0.00012566549637338682,0
85.42271736053692,79.57611157879498,0.03711595875691984,0
84.86321505033695,76.5098991024463,0.015762872940861393,0
100.0,100.0,0.2855945858017997,0
92.12047349319928,69.99435389298806,0.00022074280686516754,0
84.62459561882284,48.72626574242558,0.32977441917882233,0
97.26649448800431,78.09053043098152,0.13443971456867798,0
100.0,100.0,0.4282495326992872,0
93.36715459527794,51.734329122654664,0.10523860335311747,0
85.15528929765071,63.49367019950826,0.05698242223543518,0
65.3224565147476,77.49602868582615,0.5824441084387619,0
69.02329505386942,69.0297127178967,0.05237210874798878,0
80.42162943467999,52.318535553208335,0.16983848779835117,0
75.85731696761076,90.19344141214847,0.07324950734209838,0
82.19543045521831,100.0,0.18091119561240923,0
85.8497488734566,73.53036626243033,0.19736797010622756,0
92.94539131535096,53.72677078475199,0.5656932882173487,0
83.94251832911362,42.11871054903745,0.0077179084803292875,0
92.29752465739303,74.64356766198125,0.0001939600073238036,0
85.9671162221518,89.86979217969264,0.22074559969754623,0
55.36800150469193,78.55301943691687,0.1118095139090791,0
70.90996909271868,69.95673086346063,0.40357305105210617,0
82.83868666417577,59.39311026779249,0.18938622792916007,0
66.85457885738339,50.341054611074384,0.2818563840538914,1
93.99893094994307,85.02552387384787,0.3670759798454484,0
100.0,86.44788918494054,0.08822882067706984,0
100.0,42.176863839566806,0.29261588674299027,0
81.79835693604689,98.61710160725231,0.4646768997942605,0
100.0,80.33328197609202,0.003371085179198768,0
87.23001185803167,95.19270361262429,0.22554681076257102,0
79.9437104332294,45.84170052726793,0.47883509489650156,1
75.79896004688591,45.4151652025221,0.0004183079836685358,0
80.46295470267808,67.31855242418865,0.25796212852642575,0
79.17734772188157,79.0501196841135,0.24710356088295737,0
87.55624333563232,100.0,0.025242272089638845,0
87.40860971574797,82.70942044867236,0.0714035794136711,0
85.04569030230121,65.6317370173834,0.010210900309882892,0
91.55407254619524,51.52535426201394,0.3789893863922815,0
100.0,92.1400103089447,0.00021422902796489854,0
99.24331203161985,52.63530233648713,0.0015466070730949064,0
62.726530473251444,99.3124339859018,0.2629284594113841,0
46.69118297647068,64.88107630708284,0.2235077296786293,0
99.01479866858911,98.63047730712131,0.3043733631049535,0
64.49681952376868,82.22076322106702,0.005447030295940979,0
81.62851897160975,67.53408119003575,0.6678589047894254,1
67.44830460910961,60.65086530712972,0.02901181919872768,0
57.970293436299706,63.86365820777056,0.4950579751601984,1
93.12194092307182,77.70970046275427,0.02175296617736728,0
96.3873274045397,71.3888169319189,0.3761506478558823,0
76.35234398909921,59.311394654763305,0.00035317805171381883,0
46.134365617826354,67.01863461428262,0.0291901644277918,0
76.80633327621275,71.4143865349447,0.4029908371810659,0
90.8770600810382,31.682786300533383,0.021264848212071214,0
62.81632646838807,78.24702606619658,0.0055724046808283125,0
87.75039879668734,52.36501795509748,0.5577390218437378,1
84.77035226240507,49.24001674229659,0.4298875692316421,0
93.68937249401633,39.627801752007215,0.17028731972048225,1
86.79370552621229,37.70993503837798,0.2506134919439949,0
70.40396588677667,45.60194494397879,0.022513118925292813,0
100.0,57.23762276265117,0.0003194375591941435,0
82.62205640459545,100.0,0.09606586961145486,0
84.59043190735102,60.53416583388633,0.7170253106674299,0
71.00098061390206,73.19950191282456,0.2619313694809658,0
78.35076623212734,77.20866495711391,0.7177437879030473,0
71.72795928959648,72.35917335188527,0.00038996592988317316,0
82.40580910114865,68.60601770693212,0.37812763836403684,0
100.0,48.484712255213594,0.03692794922399377,0
64.42148285602966,96.11669586902582,0.039191776796368864,0
60.796579031848886,100.0,0.6131432854739876,0
100.0,39.71214350579166,0.009424827078075543,0
81.86014484272201,51.56748536404517,0.029019384608432886,0
74.96390892010125,64.96341383721389,0.30518645012637335,0
100.0,52.63831969161655,0.026113345352473043,0
75.91576690394704,79.10737996220557,0.05179777475844191,0
100.0,56.891100356680965,0.03057891048478365,0
95.16888807008904,100.0,0.5145962652686477,0
77.68132887781447,91.42987469818473,0.006969469887246853,0
100.0,73.82633255137986,0.16397667304623942,0
75.91427615494992,88.48575273975518,0.6944344533681752,0
96.13143058013961,89.90620763843157,2.7449388595864455e-05,0
89.48938870609737,59.84894521495162,0.011695748998987138,0
100.0,55.308089598244635,0.05083232241297793,0
100.0,71.40657513345366,0.16906830742920534,0
85.4800622359865,85.50945024096299,0.17695985374520623,0
73.69873194480725,72.50308717576152,0.004059768041134319,0
91.89958214408675,41.61406332056205,0.4619447854903744,1
74.8342694537184,55.54916000888484,0.012151797740583318,0
100.0,68.6684884553012,0.29265364443352515,0
87.04802996624106,68.63801912213505,0.24182033827553187,0
79.52017673031837,100.0,0.2227208570014829,0
87.77020458797362,45.052217036818035,0.2836324074285451,1
64.79310565705455,79.10060635304575,0.010675949762787365,0
70.42578942234023,96.8040359499092,0.38591926222282613,0
100.0,100.0,0.001298293347735567,0
75.14658581542906,62.7208463826887,0.5131144254527666,0
69.2963352597709,78.8457301489636,0.17153967703358963,0
93.04979128790929,80.25568642957565,0.1947766609650841,0
100.0,73.51867116795924,0.0031202956650630822,0
95.784299659976,68.22078637769249,0.17031077721570212,0
99.94071528708724,77.84755701100083,0.05271279000538841,0
73.64807367145809,24.419570466045663,0.02956696172750071,1
63.67283999887234,82.27725082112737,0.2777806679379933,0
100.0,72.2712022659154,0.24519368552852358,0
80.15980241736797,65.99545185799123,0.0008451693054300683,0
81.23750475317429,100.0,0.0641926625004094,0
100.0,57.85118766177006,0.6565125064014438,0
93.3434501410099,62.74463219682944,0.3132761710056124,0
91.83831658122412,100.0,0.40349565840668206,0
100.0,55.02289651270258,0.42350587057119654,0
75.34722654429785,60.0979249071423,0.008752166691662627,0
98.91760192121856,67.3535423782447,0.28475680842734397,0
85.85519687345626,85.13322067833188,0.2935048616306662,0
89.02888418294886,73.74044513235964,0.12945967392274527,0
100.0,46.73274375125927,0.34906045327941165,0
92.61753634434436,60.42096586371059,0.0354291890742662,0
93.07444118574449,59.067620202180194,0.08857663665987041,0
100.0,68.61002118598518,0.30711133967847004,0
79.52570905685673,77.66518585533693,0.680829870640586,0
72.4118549899149,77.5277036059835,0.11233871647370912,0
69.3278620896845,38.03178842712876,6.045056522458417e-06,0
55.50465115935997,89.1509377760954,0.04770405905527362,0
100.0,74.54623922793922,0.10236618264540176,0
68.45187451417475,94.92157685669031,0.01969525757971249,0
81.68119564621342,77.9955698912321,0.23133307876235756,0
80.84780050166619,89.82381323924372,0.20473978098872628,0
89.61110046713651,78.39781560610228,0.041756239768709,0
97.23605818808944,94.23206361164947,0.006266275904101261,0
97.90710232539618,79.40051144832002,0.03125587707498493,0
76.25383842146593,68.23752556402772,0.018609924272329843,0
82.49317429320382,100.0,0.4762626999411391,0
89.2386992573245,86.00266820103806,0.009328788325610503,0
81.26963310724679,80.32739957807944,0.0020810901763733155,0
100.0,47.02652050230995,0.030808004286810086,0
92.36462427457377,46.81046288565632,0.38068865204243474,0
96.02316679074727,75.26887867855336,0.4052553411389,0
94.94321903001119,72.61938155982834,0.48205769941359805,0
100.0,58.94579382985031,0.00647855466019531,0
87.7153233805556,72.53768859301708,6.646048586351986e-05,0
65.5475207806623,98.59528470478472,0.06668922777540547,0
90.99531927628962,82.51724454190537,0.8067009474251132,0
75.22964659312257,49.46184682445071,0.4552740802074251,0
77.07074977375365,67.99284111142701,0.23552529580600004,0
93.7954602813264,55.5106033446539,0.029075790858834966,0
100.0,63.0214015046459,0.15856561709806527,0
85.31907365104092,62.55491801866643,0.050994215104521824,0
89.63249518898445,61.402379513127904,0.000784707748291797,0
100.0,47.40756330447889,0.30631385635015645,0
88.61129769232852,67.70221573267258,0.018932086263819148,0
100.0,59.90906253674843,0.0038839235831350408,0
93.48264468447316,17.269923579959176,0.004070208467690829,0
58.58855861266274,100.0,0.2693015276740076,0
96.30012431656799,89.59785377590009,0.25564280623561314,0
90.71737577324167,63.22658695135007,0.42703949300749156,0
100.0,70.33874289533077,0.00156887023553007,0
95.09772026904938,48.91022174828389,0.08486377771604794,0
82.92316024024339,100.0,0.014960105623820366,0
66.63552645565952,100.0,0.06374817786578371,0
81.86465114070963,72.82048710843745,0.29129842252346644,0
72.2421931868605,88.4235515953362,0.04500269119139956,0
76.29214825292917,73.15516202081064,0.38888758446746663,0
93.82867606630914,45.93894210023325,0.42222206447467825,0
100.0,62.58717935865417,0.05279878154854618,0
90.92007294734472,72.37470340189523,0.08490137688374895,0
67.06175406947223,61.818141062618004,0.04759629519025417,0
91.66904002330212,66.06424100616935,0.0026959469566726207,0
100.0,68.35480796483593,5.6693644191006827e-05,0
75.85325643520926,68.54418703842168,0.06813996470128751,0
82.98974249990623,70.9406528289547,0.2946766083553134,0
85.22032292093796,50.909108804861184,0.5809786006805526,0
73.2265253037664,57.09370931569715,0.17694529637634887,0
94.72420650765788,46.87748321740055,3.057522693443111e-05,0
83.18577777088328,87.6006798943516,0.10040244250392269,0
91.29298665860541,32.09835504687416,0.20626068604090445,0
71.6876173329685,90.76462617970466,0.0815520593829019,0
78.43812549514884,94.95428915073119,0.14089621521768875,0
95.83572036741657,64.56074943431281,0.22721471510933522,0
79.40750271862349,23.143532419108624,0.2146740518323209,1
100.0,63.49640988458877,0.022882500787392405,0
79.00545721578096,68.84468509680126,0.5166263524815649,0
88.37027088627829,51.80923204127956,0.13897984483015188,0
98.98886247809635,60.72606891145163,0.2059205405868432,0
63.724514006004526,97.54351357954032,0.35303574217690004,0
58.58786782028836,81.96868892143134,0.30248069595716753,0
62.11515528144858,53.357845941194206,0.07946856219976924,0
100.0,41.243214947282226,6.34906894732835e-05,0
76.7221278116133,64.11368828302413,0.14841380234366125,0
100.0,66.15777797169211,0.06002653826482862,0
76.53628602013917,78.9315853725397,0.20864082158261996,0
87.76826954795555,60.364299173782136,0.3440175319534339,0
100.0,79.20699235651351,0.13907211063658048,0
100.0,100.0,0.01903629736072132,0
100.0,84.67901840399672,0.6227846732917508,0
100.0,69.1344068680461,0.0035316662030169467,0
100.0,66.7032915210407,0.11145206771282194,0
93.88790423801774,63.57988358476232,0.3960818298953051,0
96.67541614249957,91.2515364241386,0.033476016062688005,0
76.732214255072,58.70835797287655,0.1333523539992858,0
72.72701674866539,70.81400876199969,0.013904933422884893,0
84.94938313883571,70.92156223385953,0.29419662235237376,0
82.44723066212607,60.96788452939242,0.015067425318472799,0
78.20157926009087,45.29562013808618,0.7188055841381501,1
95.44581171185074,75.81354106511803,0.36380581522440636,0
99.32957812855766,68.9019285066031,0.0009244715165926519,0
86.32610329437772,79.00432844985826,0.5238348498942039,0
100.0,60.39519448409499,0.774046637464022,1
67.87466328799742,91.97478337863485,0.1290976264688024,0
82.09510811080423,54.218071938186796,0.036022027122143245,0
74.24766519095793,100.0,0.23209568730785432,0
57.0019507439041,38.54254282309129,0.2977807763529222,1
83.7597897123595,77.82586116202404,7.716339415888682e-06,0
83.17378737425075,78.55775228547922,0.11427832581967504,0
100.0,55.679972777064116,0.01641346256246412,0
94.46217526832166,77.63909088149822,0.423451483788275,0
69.63719763506192,93.03133605568286,0.002251743792589434,0
100.0,30.09726089162684,0.06403560892299905,0
100.0,79.04940653483466,0.6989161063324443,0
93.73146555202923,25.121125234058603,0.334264487204213,1
81.60273851725252,52.61803353658225,0.5842877207490078,1
70.60841144914781,99.32499456821701,0.10918060256076112,0
79.4168983589342,59.52792339894303,0.13784718244052993,0
100.0,48.870160640638495,0.08874889262797798,0
100.0,66.43712087827572,0.0517557848515474,0
100.0,100.0,0.3333438205199536,0
77.6672586732059,37.02971955029153,0.041999122418680916,0
68.20573850066484,51.0764215904918,0.08977382400691881,0
87.11329370366806,96.95377029723328,0.03743254703056969,0
58.473409516557226,100.0,0.284778146089704,0
89.84751571277172,68.1382379627749,0.06374538187719467,0
82.78596120551997,47.69705135452043,0.1467964520361647,0
78.00945247197636,100.0,0.5498654964467983,0
61.07945399099807,98.69996305148554,0.05162463919855399,0
92.70400159854574,82.2210457797202,0.2965653261647459,0
77.00948740507133,55.37675771912644,0.0014174982880422583,0
67.45124746434568,69.11747186491534,0.16720403855230687,0
41.91606680077526,67.11351854119306,0.08102311138844875,0
84.58727642424046,75.9553234830804,0.32758025525490275,0
100.0,96.11802588636405,0.04382202256062162,0
100.0,85.82950674047326,0.05392094221573928,0
78.14355615120593,50.60723061427435,0.0034756455512184883,0
75.9668190945733,94.77693610035168,0.004081296619971311,0
92.03161384112536,75.63637852023679,0.387985315278665,0
70.02421841217563,82.3671843254605,0.5643094875359272,0
89.52687849729199,96.39773546701485,0.011010212519694421,0
96.49120417577035,49.99155550875608,0.004150504853782,0
100.0,69.35513958328367,0.19993512118683435,0
83.4976888528007,60.43381807553413,0.06558090086606125,0
81.94489374734552,41.77853034342179,0.00013445640027230928,0
71.83026119865158,76.24077959688856,0.06142774294802109,0
72.5967946894021,100.0,0.005237384162761353,0
81.6028166214771,36.87860059889645,0.190566486758607,1
90.51048260224267,69.41894900110954,0.13277066827672265,0
98.70376939349875,81.52977283134592,0.07665359373126356,0
72.95231573979483,72.21540762981127,0.18029680617201346,0
100.0,67.96369505471667,0.21947498988514016,0
80.93314598436147,46.614105457975164,0.11619160567172032,0
84.67949058477346,74.19016137292294,0.2793158431804696,0
73.79182481278265,56.37824841371332,0.10682619366488705,0
48.63639609590587,30.58140931038604,0.19004326596822846,1
98.26068094541574,91.50265996924715,0.5069160751603803,0
96.0526584563865,87.25094475715676,0.0019063759780568042,0
80.7800866432268,70.92989758331943,0.014175084019856822,0
86.00486075837308,74.12334438770264,0.8514537561332003,0
92.73908826556149,89.33772422888012,0.0724148150106778,0
61.56181214670186,74.03811382200549,0.0027325559496703114,0
77.06420983980559,86.27231598570366,0.25583672728881024,0
96.9139701943274,64.6453203842707,0.10598190547401148,0
66.18565865246126,93.61570729433103,0.0195064040837524,0
89.40336898249944,75.77414306678831,0.15692674418188948,0
64.65127293064893,73.49293498490573,0.07965986163156799,0
91.9964497365029,47.13890040318342,0.020570767646678503,0
84.46537776553775,75.16520537743075,0.06649847850787767,0
60.77302276141736,55.02481148509988,0.2893949954767126,0
100.0,58.510910922487106,0.00854028583717791,0
73.98112634802926,55.323238690309815,0.6919882245003801,1
72.84621344478428,50.807771225813944,0.4014169303051679,1
88.00853795846415,100.0,0.12721474484130502,0
100.0,93.96410311579126,0.5236336813268495,0
69.76267271532404,100.0,0.010764228758371606,0
85.92519774771958,47.98788964799985,0.0077363112550217755,0
91.4322475049586,71.28256749839606,0.07350150593337124,0
95.39658410894717,46.71686274632628,0.06108003215089044,0
87.64662332915837,57.477492210452844,0.1771945112784312,0
79.49458241375017,53.473714298501655,0.11364214494424556,0
72.5861466902692,92.31251211594811,0.09651010119650748,0
86.29215824569562,62.867865794168324,0.26670604026545,0
68.9179148202159,89.23082800649229,0.005036011126246433,0
41.17974274758089,80.87417601259332,0.5326256152450061,0
91.54839706236501,100.0,0.10003197904662223,0
98.55902261629294,43.37000398348497,0.006308775827964487,0
49.55601346687242,92.66619831616238,0.03656064014128166,0
69.85403942935093,90.63593566721309,0.3277379802000595,0
94.28731391507797,52.479180915513375,0.11556533899088102,0
100.0,88.12840005651687,0.19896303020510292,0
85.31190561513112,76.05060933447211,0.2190264471023452,0
74.07995588156298,65.90542732083865,0.05248065935063233,0
82.2565533834274,55.169161234504,0.1851235921148427,0
100.0,57.056029873914646,0.03614174113280647,0
75.31053731313197,100.0,0.2076199874238745,0
73.01211990024619,70.0122907412347,0.36461413010374744,0
77.75884716726951,84.07834002756627,0.38658803844411516,0
70.70007087611931,55.76381112998404,0.10132037552551824,0
86.84005473992194,55.9626469680105,0.0005243060706560226,0
100.0,89.47572656649896,0.0037750838030491006,0
89.84618909674043,45.70762819207242,0.28482235007238277,0
81.21469746810568,62.526152177705114,0.07274840001376011,0
80.62283096626683,70.61249339930018,0.05498880823792368,0
61.552137869550144,72.00470683312095,0.0031864614475389124,0
98.24664665720738,66.77632086970918,0.16401012312646585,0
83.83244204480798,77.12475605972662,0.030825498510307713,0
82.29280129614061,82.4714036047206,0.4472368076994905,0
100.0,83.22347581826794,0.04200052040891776,0
89.48129362548529,52.25553144397912,0.00020080499457741122,0
73.72313424857224,64.88520823728165,0.12348148253484108,0
78.60463605691685,91.50573151378488,0.02919020704510862,0
100.0,86.1036493763297,0.015652160893545763,0
86.69905615806647,45.28852987334085,0.3680634455533526,0
63.4258303252395,76.32663820633962,0.12968592209170582,0
98.78843401862805,34.39194551125342,0.027827693919336177,0
74.97783871691509,70.84482823708666,0.0016377925410665565,0
100.0,100.0,0.03451828357813245,0
100.0,52.93793108915825,0.005671109626435873,0
78.29017156511874,54.98218518115152,0.12884222258689854,0
100.0,83.75253606831147,9.305275792873541e-05,0
86.01783265791104,42.22957272622637,0.050130858793560155,0
97.79160512683329,58.6104094620693,0.36115185536915395,0
92.27099225941713,80.73594047647154,0.014177132233862723,0
72.3046501751369,58.582854741590744,0.19048474942048874,0
75.34675251523807,65.75254023020251,0.00031210273686790066,0
100.0,83.39534278567062,0.03281814617758307,0
79.97837001840189,77.5878295036581,0.22406011991551775,0
78.94527305137005,74.80273113331724,0.088801457182873,0
70.6731613097597,63.8957989731393,0.011814335225623761,0
91.35398598390192,76.6611000748412,0.25107972263472067,0
100.0,67.77281175820438,0.025159611312362582,0
68.9870062861859,78.24050097866413,0.05364831602644009,0
85.36329185009137,61.055223547876395,0.20064528954074984,0
100.0,66.71375846116825,0.2394017091125592,0
83.80537913131427,52.18075973406375,0.8756013814504734,1
91.78557694374601,69.36986301988776,0.0671695751502921,0
69.0640970777968,55.40198445468079,0.21700750270634223,0
91.42460645811472,49.947163897084124,0.022078524851474535,0
82.19283602493176,74.65590066139698,0.5000519149826049,0
99.78594993519795,73.82931596543789,0.0002679944263674181,0
100.0,84.09172722907431,0.13989328294524986,0
100.0,62.239739747648215,0.24710533027268333,0
93.69449759820364,77.3449512430616,0.25604526654761317,0
89.8869447487325,79.91435630092595,0.01735302347641016,0
87.91576452366004,78.00592854096871,0.41546798088933923,0
79.70250560783967,55.13823370956144,0.6138249129756356,0
90.07725765192536,72.6885426808814,0.003794796607429485,0
80.56897884791456,76.5545253289839,0.22364527508565235,0
87.52691464404421,70.12921240434295,0.14133514516487666,0
100.0,32.44340214932048,0.08117430250282592,0
69.90186152080538,72.88881323152265,0.08554218076153909,0
100.0,100.0,0.10543354078412591,0
100.0,63.51929316237431,0.08154354133164367,0
83.22897209513381,56.89461223860422,0.4293500551129904,0
53.17217651487108,76.72027407480516,0.4596891576107353,0
75.88267019358351,75.62280778839829,0.005060719373132367,0
100.0,91.46923297749547,0.027603857497238312,0
84.65697906551677,47.35837319364001,0.047652472060379515,0
70.01046651557634,83.16484454634987,0.04183696633121766,0
77.42837618157674,80.62759710252634,0.013241053804080659,0
97.60930039756829,67.44136233507017,0.06932056853567602,0
93.20100352302069,76.09637172259042,0.14950471972561322,0
81.41601851245458,88.53023466877043,0.061801974868212546,0
79.49763382277968,85.7016768405121,0.2712161987014811,0
79.12362776434267,49.42565238267289,0.10667271117015206,0
71.16384723252246,84.76284736159872,0.007255038305519843,0
100.0,68.83560510941469,0.34114524722000283,0
80.1651929618299,71.31173376427927,0.43389484840118214,0
100.0,71.3175458380305,0.6771441310482031,0
100.0,67.29562620163134,0.03193076314211025,0
99.9746634722194,91.45073494792717,0.022178963111408014,0
78.52569530922928,68.49307672271418,0.5170651468373453,0
91.05595135504915,49.84816968910296,0.39551974818104557,0
84.63706590413626,62.91646259254488,0.011007206204596415,0
71.44447208904808,73.21650490258857,0.11028973373942784,0
89.86538922582405,92.1258661173469,0.057324264614868184,0
67.31440313260296,80.855704329079,0.06361399713527159,0
100.0,54.690364982553206,0.30067216197844576,0
78.0307405405241,100.0,0.2806545422980877,0
88.01739483809259,74.76595559760364,0.16574394095105005,0
89.24931807319213,92.95703328398227,0.18646855467245366,0
81.11642539443883,67.26914019560988,0.023130184367858676,0
93.80040702212912,79.60046640469808,0.004202229962193742,0
77.87644515066214,85.11043308133128,0.02253250421067195,0
98.06945946185866,91.92750481157661,0.07684506656656313,0
64.81030479629877,89.03262949680806,0.03844705356397297,0
86.89569369319618,85.6995460013136,0.4485222610408034,0
100.0,64.32843883850605,0.2911075304572224,0
69.99503013091638,59.70857124479089,2.173098248154154e-06,0
74.83382544212722,75.98693518583556,0.7621837168774597,1
92.70861774488372,86.79630530213925,0.40356547980252033,0
87.69372672909397,65.99102738602107,0.016560799208703368,0
90.25945148910338,89.17309538285896,0.04507588142181428,0
92.33780695221495,96.14710141875123,0.020657694893584395,0
94.52082202842655,53.50622345667845,0.08358803774182015,0
100.0,54.935427331666965,0.12928256947174574,0
91.14727985392769,67.47324893970395,0.03596871925830968,0
81.38113518072187,75.53702802740553,0.010435288588132016,0
95.08860551804096,60.557793752193085,0.048976806191730504,0
100.0,94.3396482196086,0.013447248144248768,0
83.0104938042614,77.63320350733213,0.31193837183418766,0
70.38206042994038,70.71004686833331,0.09124720667345326,0
100.0,44.15362857036651,0.08046380492928491,0
83.19428254069602,46.315315304304875,0.002189953721678732,0
52.409956809789456,75.0581665050725,0.5301516771919448,0
97.71132515725633,31.613278729212947,0.001627200677004152,0
76.97007721069116,88.2274733735933,0.37242993679725783,0
83.64200076543759,67.15323080129824,0.19492688619583295,0
89.97970495853522,100.0,0.1248068223516985,0
87.857495196686,100.0,0.05452592708633446,0
95.6417772570856,66.7339167535447,0.3155520045233895,0
78.46770444145236,68.08593395443633,0.20720102772215887,0
92.69658697264124,87.92046725203653,0.38361897048929433,0
81.10679983624124,100.0,0.17738918508794388,0
96.08215721331254,40.515476966151695,0.0073472641543510814,0
94.2305122601958,37.84524162361564,0.46746700342600933,1
70.96841946933107,58.80337350002114,0.06018139399312185,0
100.0,80.48927649712955,0.04291654484430293,0
76.96054832328927,78.94372462913675,0.7152732461509673,0
97.12086697421718,89.2558861897093,0.018294985282016746,0
90.50930970102011,48.405444489424454,0.10381706001222431,0
100.0,28.30941046656022,0.04580898535811412,0
81.64801026442221,85.44425551543861,0.0012809898549050265,0
79.76024805822703,55.092467086625774,0.6234653299360209,0
84.708705911684,33.667218441004515,0.3659636291702577,1
80.45230325748588,72.61114742726888,0.41084198233617975,0
96.99912852913076,84.27716238793619,0.6135488178679038,0
60.75534087345118,67.80297162181701,0.20999728518690539,0
69.19476371280469,61.758729048715196,0.5633696136125376,0
68.9829561763121,67.13147982137369,0.2334137073325399,0
99.25461387960364,63.32951027678591,0.0011323867630533733,0
100.0,45.73515198507699,0.09476820188006217,0
83.43326172193792,57.13574781417223,0.008090397484712268,0
82.46767415214984,79.38303829024866,0.164672309534022,0
86.05078244669772,75.790213744777,0.31144413860734643,0
100.0,73.02507650740276,0.23561668695781915,0
71.0897029871414,52.08732732663917,0.4815074932894383,0
88.57553474102178,66.73294308155799,0.0007099205125150697,0
99.62796444673644,30.812829164028614,0.16659962986560933,0
92.51641254909768,73.21257994993701,0.3791712179441444,0
87.84372424898115,95.71943874064421,0.062471290032877956,0
100.0,43.4656216232421,0.3560934283367402,0
44.451515605011444,59.45330188028041,0.48418246721286445,1
95.16812979296361,75.92392201678233,0.2808278764186424,0
75.18886475308864,92.5511674196947,0.09145808861875546,0
57.54050654715314,61.93195690659731,0.022365148463791354,0
92.66803899287471,57.539494073213866,0.5335947746037512,0
100.0,34.5593834365105,0.20422258586772454,0
82.93827228058463,71.86188632754592,0.14592613249128727,0
99.29311820804408,100.0,0.015910722467754095,0
100.0,74.99245231536416,0.002473659521385916,0
100.0,69.59897837469316,0.03335172213673326,0
100.0,75.79748159380574,0.0017281201681876314,0
96.13191236607838,69.80034392892516,0.04851263564454164,0
86.13150458352389,55.36574129931766,0.24543627428663028,0
60.97051282154247,84.81903848219869,0.25763140870010104,0
81.30906267805078,74.06370741601158,0.2414907703427034,0
72.35130107025712,70.31703853480583,0.009948907866802468,0
100.0,52.4434115089915,0.025116026995800532,0
82.36171281351496,93.46314277482567,0.05672271914168937,0
86.84807210176729,81.96464941599598,0.030195585452739256,0
93.27228064060702,60.04742492738856,0.00040507866908459357,0
85.65403669558681,88.03284736627486,0.13684342711735073,0
100.0,61.04372490906627,0.07443057364200571,0
75.66025957398323,55.923937134801335,0.05201226121596251,0
87.91911182855864,56.32534388535483,0.3568483328702628,0
73.86294121452927,38.12076604441436,0.1610930966893416,0
65.19966233168941,78.4877628475277,0.013316752822860456,0
75.82346363642071,37.0393921899097,0.0002448552990324356,1
84.44444804427383,47.88801103721627,0.13993138415016917,0
78.5604666322411,32.6394158365864,0.5796158417603561,1
74.61368530189216,68.45074552976392,0.26594332039396995,0
63.90523804492249,67.2942317151063,0.0007329880377455423,0
83.75341641056959,64.11946816264545,0.18342703961891768,0
62.42919438953496,51.233601495929626,0.018619826721772797,1
96.40083945534404,48.89979243814048,0.2989450602765265,0
86.23659629401755,78.35865754383833,0.1783318511217185,0
63.13672750802604,60.09006522924722,0.014903548237846478,0
80.36186384425204,75.69444978765061,0.00762390307695054,0
73.71765391614126,54.065523649763996,0.12370206129992653,0
89.78761765628771,73.25912936987949,0.0003034564188674787,0
100.0,93.45900467168914,0.2646711138379914,0
56.872412955313834,80.5509844070701,0.06464158290401434,0
86.72539118721126,62.57655127210335,0.0022866162361029328,0
82.5980080665004,74.62958146640669,0.146848813551748,0
95.07010114675698,65.66802685845616,0.013843871258742996,0
88.19794942356533,70.1418433245051,0.07545838584721976,0
73.72046002391771,64.13900106132692,0.024616179767900457,0
80.21419096500072,67.04196629406296,0.10169792658745802,0
73.05961214794766,73.81768035533516,0.10350241463707369,0
100.0,52.11954340752489,0.03248452056170372,0
85.31967473007913,51.71418111418039,0.09597107771426228,0
100.0,45.006234031038204,0.47322911797256456,0
84.0900877927807,41.19512011893322,0.00036442171842951897,0
74.37389849634306,48.08891154003137,0.06884623208225114,0
62.294284110807595,72.87032512247433,0.5561564157525334,0
57.95290485616082,53.92982472114609,0.6972917904769294,1
61.23796085491765,79.24506035615973,0.0023742125281293563,0
89.00689976517225,70.62484747754611,0.3188351721036336,0
92.63087534844901,34.566924158115036,0.09319617964613879,0
61.282139469518,81.78956051599042,0.45219895636186697,0
98.42557471114173,84.59437562065078,0.04110947603127778,0
77.75408422474841,52.11047185297264,0.037561753572569946,0
87.20189517978324,77.56344777210985,0.11209608258682541,0
100.0,54.58303172663442,4.0481649434873345e-05,0
98.45258973798298,71.75806678147003,0.8457460139911983,0
80.97204028141252,47.23902867481062,0.004555848153031896,0
71.6321166187707,37.72408385437762,0.016844712519455764,0
52.72276898006042,63.109290586966566,0.17998557124895753,0
74.2127002113637,67.77287896705295,0.019917357529294317,0
81.83304641758458,62.84176551493713,0.001376029429631108,0
70.19230709273225,48.68744995199393,0.04063365187572275,1
83.03114549361543,62.80181688163953,0.01175896998888609,0
86.15277824438152,74.84730554645321,0.0022291217043776835,0
81.62716027287883,69.19192545779434,0.015951396463089705,0
75.2499612876481,73.28501855078584,0.23687113407245247,0
87.52982007950092,57.93792639182381,0.07520328069585472,0
91.62910974354114,91.09092246489088,0.028177860232833522,0
68.64401383835731,48.82887994201395,0.2905182680347185,1
100.0,78.77608534756094,0.05525140870647876,0
83.52117801573607,91.2740396732793,0.3725139115778892,0
85.28274434417271,78.65634566948012,0.2722328937798098,0
95.62321634884836,66.35456391283306,0.0060854971720702145,0
88.49824196895253,60.49065316006638,7.871202397919314e-05,0
99.29704950869868,88.6495777188326,0.21343148768510659,0
89.30686247802737,44.386451345289885,0.020355278548942816,0
75.81343938039343,52.537763313166415,0.10967032779025147,0
90.42255287809152,62.84396022114902,0.002031408674433467,0
67.84410689019008,92.27776763521597,3.5009749308778284e-05,0
86.62839558664784,76.83581744873612,0.11307722683337652,0
84.5015501403331,52.57517634681558,0.06626258723913842,0
81.87824714091191,64.41446130307173,0.05823122100143552,0
83.07193732841604,58.9421834062667,0.0017496885928338529,0
56.77226431753542,57.223798139796365,0.010189779160086563,0
76.76912638388558,87.62001205402203,0.12469076864828958,0
86.39267351711672,45.3086236732569,0.23828490936287244,0
87.39784587996101,98.95805540321872,0.6066384706496243,0
69.58487288611063,84.9081344233232,0.0384730065246503,0
100.0,89.63551007086656,0.03158347276655441,0
72.00737727678249,61.66708878354535,0.7698379916859305,0
99.54185800790106,67.30106705657603,0.05264025772595473,0
91.40791542807527,44.20326733855518,0.21052417238935947,0
75.30659035234295,60.556076672797545,0.43511355324308787,0
100.0,78.88578725757671,0.1031774600934503,0
67.0954475236528,93.32913511206513,0.12808232051433052,0
98.78731260415002,50.07117729755587,0.0158601532595314,0
100.0,63.420893134265214,0.10358616410978441,0
74.94069686385032,67.2766140358146,0.08231775273834915,0
100.0,44.87579436053527,0.6654983731338866,0
81.2493022810157,80.6442863516512,0.30475123908184476,0
89.33040443919785,56.96817402863304,0.08572489868834833,0
88.90482758156831,66.48297367881356,0.0072209290800863395,0
82.98536887794178,61.864911305586205,0.0003566760740167714,0
97.16212409739673,55.79190689704586,5.755268673437786e-05,0
96.9023308082832,69.87319026135002,0.6965444400369393,0
58.77202040142729,66.1190275857756,0.17299280116999824,0
100.0,63.30655811898402,0.014702173013255248,0
60.062620179464886,56.88769080975383,0.013084738941623621,0
100.0,75.7514440740932,0.007424508678342672,0
100.0,99.76511083286113,0.02905744463906103,0
68.63550354677203,72.5179701911043,0.1628626408192107,0
78.83778568068122,87.93012786840032,0.4513818710314366,0
68.41442997271096,44.976005347237674,0.19482874557850807,0
81.77618454566897,72.83970590728785,0.11884258177979411,0
80.37948573721388,50.2473702585208,0.055497877388971155,0
96.6949079840401,43.415351304425776,0.10723770064395469,0
100.0,56.69131466573735,0.09856379236334258,0
100.0,91.4541880194443,7.201826569552056e-07,0
76.56747960132547,87.10028491605362,0.0638181626470489,0
81.86167189383208,74.37408499697919,0.12851381521433775,0
59.74842711668575,42.41138992198125,0.27354390159307274,1
72.91194900255717,66.46694827501713,0.47745771884951477,0
99.47277449646187,75.43060016023124,0.17269838550145922,0
100.0,73.15965213241476,0.08425702810247311,0
66.48476692180117,36.811715497346576,0.007080413912036204,1
76.11303611270658,53.97427873564231,0.05605803673857163,0
84.60391364561609,68.8466002453231,0.01304895378773679,0
89.2024173822941,79.65323637130942,0.02170966667088243,0
72.85594720117531,30.469699220200965,0.09144634113998797,0
91.36091566696135,67.08176844136254,0.2599459038567732,0
77.89240979393625,72.57487785782114,0.008289171551766158,0
84.78321593682581,85.29301579329183,0.17890664237395731,0
93.19426372005549,82.47143651627385,0.2809443332271121,0
85.09633404716406,80.4862837385585,0.6445906087450523,0
78.45421164210147,55.60107087936518,0.06723373021831368,0
83.35585294111253,35.65596153178046,0.27771527856919986,1
83.67455561191997,62.92505037289478,0.05141211236464153,0
79.44983455176808,88.02937285375408,0.2579590492782696,0
81.11805905999347,95.08218149543977,0.032338209065922004,0
100.0,82.78988384136014,0.052221701393406074,0
93.41379171911858,77.72813481043121,0.8519260115869065,0
80.56779522956259,76.83351367094738,0.0058266752953606985,0
95.45431606766104,59.98986255830595,0.2382113576998674,0
79.99270765365985,67.65891471603484,0.22676171154576752,0
100.0,100.0,0.5988567931624841,0
90.54463288297141,53.033955895746224,0.09960087708503791,0
83.39046783993656,99.06601823277732,0.005663934286174951,0
91.71575388715416,64.20349321914294,0.013102386906559065,0
61.43685771897251,93.85777796371141,0.27368621756843636,0
68.09848796635292,44.67732982904431,0.4619024629607904,1
67.09112490401417,80.54627562096368,0.005304552901571968,0
87.1441464214556,56.7381375529428,0.07370849795406141,0
100.0,44.52519054536462,0.0420580850114141,0
100.0,73.93361276339702,0.24150797324303747,0
94.57076652161136,88.17049219472744,0.10863568444729202,0
92.51266712416685,54.791054105317066,0.0012274036720833043,0
57.984133987708915,43.01771271174878,0.18923695227206422,1
76.85989300398967,68.34679424197081,0.08828181763917736,0
73.18324372137641,68.42616408201074,0.0272146931314434,0
75.68728602623327,79.86975329598098,0.3967789927251299,0
82.47784272122816,87.09270228456079,0.13088496086966078,0
77.9186413345431,68.93052673709511,0.31315742835231797,0
55.310502844363185,100.0,0.026128904905999794,0
96.218653841763,74.03622540163525,0.3199454552653819,0
68.9088546139029,63.76432289187581,0.05616891069631596,0
88.58870296166724,40.9917875361491,0.25275293024660694,0
100.0,65.27212863430898,0.057794866608172936,0
71.20923112620365,63.945034982599545,0.15962224246919315,0
47.04568715880505,87.28548633306647,0.4309556753578492,0
80.70993667179833,78.32470523320337,0.012936797794165423,0
100.0,48.77135581061289,0.43012038280380027,0
100.0,73.10057895539867,0.015239147413645869,0
66.55675608321374,82.08756109112296,0.04865287670667075,0
92.45048834854782,97.50456446898099,0.2454971572297553,0
78.0203431482992,85.97507141345307,0.2223154831249295,0
83.41077468543797,83.6952397776066,0.5998671993812146,0
100.0,71.08154790307294,0.020901301363262473,0
62.4554450740727,76.98961609762209,0.23480212886158064,1
88.8060949224186,92.49108821271086,0.01862117420324875,0
92.0153975764815,46.010006845366306,0.10629540216660387,0
100.0,63.71009211009479,0.03427620135675224,0
86.46974730206342,56.093762522387664,0.0026673184003256625,0
89.62075809256153,76.82475613707024,0.6575610750336395,0
79.12527148867314,92.14399916171418,0.09009959059112004,0
89.03690411867662,59.25446283902067,0.25025537594421865,0
79.85211586753884,26.974521385550116,0.05191027817431195,1
94.32357834784077,62.58002658955954,0.6250446426051282,1
79.45584495934548,86.44252717631332,0.009981281003186107,0
90.6565059085328,79.67733825309783,0.03227928310905063,0
84.56105779472533,77.70735246059037,0.027319875537483437,0
100.0,64.96012056625936,0.003976761608663784,0
84.22909414617271,46.977446748043846,0.1682413961810833,0
58.404512976896775,79.27529778924041,0.0771233403760115,0
100.0,54.98292741937676,0.21261345069556986,0
71.41401548706072,100.0,0.06468365692856819,0
75.1935049202677,80.26912975038128,0.033823604339199,0
76.06508058934762,59.54833055402889,0.5446535806514364,0
100.0,58.9950655470047,0.08107667826911204,0
52.96488679031956,68.3270042809554,0.000894694576945678,0
100.0,65.6889654036085,0.03367099340146389,0
100.0,90.10300795953917,0.08441183288553078,0
88.3485837119374,73.35549105539283,0.01015381979412373,0
84.1765899907557,56.830628699646496,0.04039238477490942,0
89.28331112286486,100.0,0.06229801324474425,0
92.81683642569008,70.88754996736401,0.08799329196346682,0
94.67823378925085,83.83911416744014,0.6175731884299421,0
93.33406699005172,59.051922865994335,0.2615060608463898,0
86.34371021882873,76.53608129940142,0.01803274978523802,0
82.03992369539012,75.59997984057752,0.041898882399851164,0
82.73090074519733,35.98631274226924,0.014220699971819597,0
82.07637579470979,100.0,0.018152239734463088,0
100.0,93.23160029660585,0.28699317214563286,0
93.90335083421293,62.85048430937222,0.04027210834166436,0
40.8941704800358,50.1591446717946,0.50180308859317,1
94.83851164794642,76.25610904846394,0.3657434968964321,0
87.92104292078162,71.56055858945913,0.08655558852706177,0
84.71936865331153,76.40204107413813,0.26798393430413336,0
79.17222320366672,73.44839313149362,0.06342964641566509,0
100.0,79.11233780750666,0.3950842528485347,0
99.21289693184286,96.05150258905252,0.11909044070964299,0
73.40683498264586,80.22585769231563,0.18700173846287169,0
91.10578430686803,51.10620101962106,0.11883867378951858,0
70.42514898188071,94.52613134882414,0.10164059397796509,0
64.30572752816605,99.53106214278917,0.17648676921168088,0
75.59924163115052,100.0,0.19265591692506784,0
97.93590208574138,49.77710740168724,0.4118225489714345,0
99.2968756806413,74.37187623670495,0.22307044924180167,0
92.6962813014594,32.522223342598224,6.169160220058173e-05,0
95.87643680271995,79.95668481482576,0.27768603172595696,0
92.74267430672438,60.13239463299809,0.007201330321118061,0
75.37777607165572,100.0,0.3181032565542387,0
91.47883817010911,56.05693053966552,0.0033463098398214433,0
97.00614287841523,39.59470531658929,0.0802943168229703,0
96.31436994720362,61.51725266735465,0.05258569390821816,0
100.0,34.44122011809152,0.005673782724460052,0
95.62455770801596,83.51979018113158,0.0033527615354397734,0
90.27172311312374,32.82850516738623,0.1871364367410225,1
100.0,70.51223646129687,0.20553001428652554,0
84.6021811112641,32.599387242588456,0.2384132199403874,1
71.77188023158423,64.23463951834044,0.0008157748444556064,0
82.55399554084354,99.58080680448161,0.008522193345891266,0
73.82646032790326,76.49166204584431,0.016615938726377674,0
